[
  {
    "value": "Abraham Lincoln",
    "synonyms": [
      "Abraham Lincoln",
      "lincoln",
      "lincone"
    ]
  },
  {
    "value": "Alan Turning",
    "synonyms": [
      "Alan Turning",
      "Turing",
      "Alan"
    ]
  },
  {
    "value": "George Washington",
    "synonyms": [
      "George Washington",
      "George W",
      "Washington"
    ]
  },
  {
    "value": "Queen Victoria",
    "synonyms": [
      "Queen Victoria",
      "Queen V",
      "Victoria"
    ]
  },
  {
    "value": "Amelia Earhart",
    "synonyms": [
      "Amelia Earhart",
      "Earhart",
      "Amelia"
    ]
  }
]