[
  {
    "id": "5d1fa752-3486-40e5-b63e-fbce9c412610",
    "data": [
      {
        "text": "Do you know about a science award?",
        "userDefined": false
      }
    ],
    "isTemplate": false,
    "count": 0,
    "updated": 1511838802
  },
  {
    "id": "ab3a7e6a-a65a-475e-b366-d7a222fd6cc1",
    "data": [
      {
        "text": "Do you give computer awards?",
        "userDefined": false
      }
    ],
    "isTemplate": false,
    "count": 0,
    "updated": 1511838802
  },
  {
    "id": "104f39de-e906-4df6-8faf-f05646170bfd",
    "data": [
      {
        "text": "What is the ",
        "userDefined": false
      },
      {
        "text": "Turing",
        "meta": "@sys.ignore",
        "userDefined": false
      },
      {
        "text": " Award?",
        "userDefined": false
      }
    ],
    "isTemplate": false,
    "count": 0,
    "updated": 1511838802
  },
  {
    "id": "68f2d847-73e5-47f8-bb75-2e93bbc25f50",
    "data": [
      {
        "text": "Did you win an award?",
        "userDefined": false
      }
    ],
    "isTemplate": false,
    "count": 0,
    "updated": 1511838802
  },
  {
    "id": "6c1a6873-d74f-458f-b56a-dc80f37f56f4",
    "data": [
      {
        "text": "Did you win a prize?",
        "userDefined": false
      }
    ],
    "isTemplate": false,
    "count": 0,
    "updated": 1511838802
  },
  {
    "id": "766c7b3a-c26a-454f-95a0-f84c574155bc",
    "data": [
      {
        "text": "Turing",
        "meta": "@sys.ignore",
        "userDefined": false
      },
      {
        "text": " Award",
        "userDefined": false
      }
    ],
    "isTemplate": false,
    "count": 0,
    "updated": 1511838802
  },
  {
    "id": "4f9b02eb-1d3f-4e55-a1e5-e693cecfa49a",
    "data": [
      {
        "text": "Do you have an award named after you?",
        "userDefined": false
      }
    ],
    "isTemplate": false,
    "count": 0,
    "updated": 1511838802
  }
]