[
  {
    "id": "fcbc065c-e782-4b0b-bc8c-9688b85c63cc",
    "data": [
      {
        "text": "Tell me about computers",
        "userDefined": false
      }
    ],
    "isTemplate": false,
    "count": 0
  },
  {
    "id": "73ce0191-9694-4e0f-9cfe-32c4fdfff43d",
    "data": [
      {
        "text": "Do you like computers?",
        "userDefined": false
      }
    ],
    "isTemplate": false,
    "count": 0,
    "updated": 1511838392
  },
  {
    "id": "c9170974-9c3c-456b-ad05-05b8e055f246",
    "data": [
      {
        "text": "Did you have a computer?",
        "userDefined": false
      }
    ],
    "isTemplate": false,
    "count": 0,
    "updated": 1511838392
  },
  {
    "id": "51e03fa9-1c0f-4a6c-a5c9-7a2adccb5825",
    "data": [
      {
        "text": "What is The Universal ",
        "userDefined": false
      },
      {
        "text": "Turing",
        "meta": "@sys.ignore",
        "userDefined": false
      },
      {
        "text": " Machine?",
        "userDefined": false
      }
    ],
    "isTemplate": false,
    "count": 0,
    "updated": 1511838392
  },
  {
    "id": "422916ec-2c10-464f-9aeb-eb1983dea174",
    "data": [
      {
        "text": "What was your job?",
        "userDefined": false
      }
    ],
    "isTemplate": false,
    "count": 0,
    "updated": 1511838392
  },
  {
    "id": "9c7616a2-2d98-4617-a60b-cb057861a7d5",
    "data": [
      {
        "text": "Did you design computers?",
        "userDefined": false
      }
    ],
    "isTemplate": false,
    "count": 0,
    "updated": 1511838392
  },
  {
    "id": "9a2c6f8c-cd3a-4e5b-b6f8-efbd948d9cc9",
    "data": [
      {
        "text": "Universal ",
        "userDefined": false
      },
      {
        "text": "Turing",
        "meta": "@sys.ignore",
        "userDefined": false
      },
      {
        "text": " Machine",
        "userDefined": false
      }
    ],
    "isTemplate": false,
    "count": 0,
    "updated": 1511838392
  },
  {
    "id": "d3e6b705-0ecb-449a-8568-582e5fc13979",
    "data": [
      {
        "text": "What did you invent?",
        "userDefined": false
      }
    ],
    "isTemplate": false,
    "count": 1,
    "updated": 1511838392
  },
  {
    "id": "2866cdc1-5b60-4780-bd25-e76a64346589",
    "data": [
      {
        "text": "Are you an inventor?",
        "userDefined": false
      }
    ],
    "isTemplate": false,
    "count": 0,
    "updated": 1511838392
  },
  {
    "id": "6115248f-b0b5-452c-96f6-5805ae922560",
    "data": [
      {
        "text": "Were you an inventor?",
        "userDefined": false
      }
    ],
    "isTemplate": false,
    "count": 1,
    "updated": 1511838392
  },
  {
    "id": "5eac5930-323a-4a3a-b17a-c50bd362d0ba",
    "data": [
      {
        "text": "Did you work with computers?",
        "userDefined": false
      }
    ],
    "isTemplate": false,
    "count": 0,
    "updated": 1511838392
  }
]