[
  {
    "id": "957f4330-000b-42d2-9a01-8628816c8f02",
    "data": [
      {
        "text": "Do you like kids?",
        "userDefined": false
      }
    ],
    "isTemplate": false,
    "count": 0,
    "updated": 1511838564
  },
  {
    "id": "c1fafcaf-384c-4eaa-bb94-21768e351a60",
    "data": [
      {
        "text": "Did you like to play games?",
        "userDefined": false
      }
    ],
    "isTemplate": false,
    "count": 0,
    "updated": 1511838564
  },
  {
    "id": "053a11d8-b60a-477c-84d9-c9cafdbc5751",
    "data": [
      {
        "text": "Do you have kids?",
        "userDefined": false
      }
    ],
    "isTemplate": false,
    "count": 1,
    "updated": 1511838564
  },
  {
    "id": "461d8e26-dd3d-401f-86f0-8071a1c429ee",
    "data": [
      {
        "text": "Were you eccentric?",
        "userDefined": false
      }
    ],
    "isTemplate": false,
    "count": 0,
    "updated": 1511838564
  },
  {
    "id": "17609361-4c72-46f8-b9dc-254238a2d55f",
    "data": [
      {
        "text": "Do you have children?",
        "userDefined": false
      }
    ],
    "isTemplate": false,
    "count": 0,
    "updated": 1511838564
  },
  {
    "id": "5d57c8be-9bd0-4bd0-b1c0-533c41ed692f",
    "data": [
      {
        "text": "Do you like toys?",
        "userDefined": false
      }
    ],
    "isTemplate": false,
    "count": 0,
    "updated": 1511838564
  },
  {
    "id": "dbcc0510-b2bd-47ed-b633-fad368387cc9",
    "data": [
      {
        "text": "Were you silly?",
        "userDefined": false
      }
    ],
    "isTemplate": false,
    "count": 0,
    "updated": 1511838564
  },
  {
    "id": "db42ffd1-acc5-4244-9b32-c7475f43db76",
    "data": [
      {
        "text": "Do you like children?",
        "userDefined": false
      }
    ],
    "isTemplate": false,
    "count": 0,
    "updated": 1511838564
  }
]