[
  {
    "id": "2c34c637-2a02-4b79-adc1-7006a6ca0a74",
    "data": [
      {
        "text": "What did you do?",
        "userDefined": false
      }
    ],
    "isTemplate": false,
    "count": 0,
    "updated": 1511837045
  },
  {
    "id": "b1470e48-dc4b-4020-9097-87dc27de06ef",
    "data": [
      {
        "text": "What are your most famous accomplishments?",
        "userDefined": false
      }
    ],
    "isTemplate": false,
    "count": 0,
    "updated": 1511837045
  },
  {
    "id": "e390a632-631f-44c8-9c41-0c8845aad0ef",
    "data": [
      {
        "text": "What are you most famous for?",
        "userDefined": false
      }
    ],
    "isTemplate": false,
    "count": 0,
    "updated": 1511837045
  },
  {
    "id": "f2b36994-66c3-4c44-b0d8-8f9f655ff602",
    "data": [
      {
        "text": "What are you famous for?",
        "userDefined": false
      }
    ],
    "isTemplate": false,
    "count": 0,
    "updated": 1511837045
  },
  {
    "id": "f411c684-81fd-4386-a5d9-d5add28ccf31",
    "data": [
      {
        "text": "What did you accomplish?",
        "userDefined": false
      }
    ],
    "isTemplate": false,
    "count": 0,
    "updated": 1511837045
  },
  {
    "id": "10111e5c-fa7c-4019-a9f1-85a69d2fb2ac",
    "data": [
      {
        "text": "Why are you famous?",
        "userDefined": false
      }
    ],
    "isTemplate": false,
    "count": 0,
    "updated": 1511837045
  },
  {
    "id": "b4ebb693-a109-46fc-a4b8-cb337996e88c",
    "data": [
      {
        "text": "What are you know for?",
        "userDefined": false
      }
    ],
    "isTemplate": false,
    "count": 1,
    "updated": 1511837045
  }
]