[
  {
    "id": "27251847-b8e6-43d4-919c-e31913ac14f2",
    "data": [
      {
        "text": "First",
        "meta": "@sys.ignore",
        "userDefined": false
      },
      {
        "text": " girl with pilot license",
        "userDefined": false
      }
    ],
    "isTemplate": false,
    "count": 1,
    "updated": 1512004539
  },
  {
    "id": "05441d5d-77db-46a0-b4ba-605b06a79fc0",
    "data": [
      {
        "text": "First",
        "meta": "@sys.ignore",
        "userDefined": false
      },
      {
        "text": " female with pilot license",
        "userDefined": false
      }
    ],
    "isTemplate": false,
    "count": 0,
    "updated": 1512004539
  },
  {
    "id": "2565cf7a-1f67-426a-80a6-cf777bba5c87",
    "data": [
      {
        "text": "First",
        "meta": "@sys.ignore",
        "userDefined": false
      },
      {
        "text": " woman with pilot license",
        "userDefined": false
      }
    ],
    "isTemplate": false,
    "count": 0,
    "updated": 1512004539
  },
  {
    "id": "35a0168c-5796-43b1-88c0-4fc3e74cff42",
    "data": [
      {
        "text": "Who gave you a pilot\u0027s license?",
        "userDefined": false
      }
    ],
    "isTemplate": false,
    "count": 0,
    "updated": 1512004539
  },
  {
    "id": "6eeb66fa-1492-41b0-aedc-66259bba1936",
    "data": [
      {
        "text": "Do you have a license?",
        "userDefined": false
      }
    ],
    "isTemplate": false,
    "count": 0,
    "updated": 1512004539
  },
  {
    "id": "62233b81-471a-4fcf-973f-e58ef7a0c015",
    "data": [
      {
        "text": "Do you have a pilot license?",
        "userDefined": false
      }
    ],
    "isTemplate": false,
    "count": 0,
    "updated": 1512004539
  }
]