[
  {
    "id": "371d79ec-35df-4f91-beee-b9b5535cc75c",
    "data": [
      {
        "text": "Where is your statue?",
        "userDefined": false
      }
    ],
    "isTemplate": false,
    "count": 1,
    "updated": 1512004305
  },
  {
    "id": "18b5c609-37a2-42ca-adc6-15a8f4d48355",
    "data": [
      {
        "text": "Do you have any monuments?",
        "userDefined": false
      }
    ],
    "isTemplate": false,
    "count": 0,
    "updated": 1512004305
  },
  {
    "id": "3306dcb6-a43f-44d7-8368-c8406b968ef5",
    "data": [
      {
        "text": "Do you have any statues?",
        "userDefined": false
      }
    ],
    "isTemplate": false,
    "count": 0,
    "updated": 1512004305
  },
  {
    "id": "b4c268bb-f3dd-496d-83c0-9ee0ad6885a7",
    "data": [
      {
        "text": "Did you like school?",
        "userDefined": false
      }
    ],
    "isTemplate": false,
    "count": 0,
    "updated": 1512004305
  },
  {
    "id": "0dcda843-5897-448f-8005-2cfabdc4dd5b",
    "data": [
      {
        "text": "Where did you go to school?",
        "userDefined": false
      }
    ],
    "isTemplate": false,
    "count": 0,
    "updated": 1512004305
  },
  {
    "id": "a516b206-af76-4a3a-a4d7-969c20c31fce",
    "data": [
      {
        "text": "Were you a teacher?",
        "userDefined": false
      }
    ],
    "isTemplate": false,
    "count": 0,
    "updated": 1512004305
  },
  {
    "id": "6229def2-479a-417f-a703-ef6a405cba76",
    "data": [
      {
        "text": "What other jobs did you have?",
        "userDefined": false
      }
    ],
    "isTemplate": false,
    "count": 0,
    "updated": 1512004305
  },
  {
    "id": "d73e47c7-a70b-45b5-bbbf-4c24fef4c2a1",
    "data": [
      {
        "text": "What jobs did you have?",
        "userDefined": false
      }
    ],
    "isTemplate": false,
    "count": 0,
    "updated": 1512004305
  }
]