[
  {
    "id": "89346077-bca7-4fbf-861a-af296a0e3af8",
    "data": [
      {
        "text": "What did your airplane look like?",
        "userDefined": false
      }
    ],
    "isTemplate": false,
    "count": 1,
    "updated": 1512004748
  },
  {
    "id": "fa79266a-365f-4e7e-bf86-2665470d355e",
    "data": [
      {
        "text": "What did your plane look like?",
        "userDefined": false
      }
    ],
    "isTemplate": false,
    "count": 0,
    "updated": 1512004748
  },
  {
    "id": "0f7705f2-69db-4e8d-b049-96ac8f8038a9",
    "data": [
      {
        "text": "What about your airplane",
        "userDefined": false
      }
    ],
    "isTemplate": false,
    "count": 0,
    "updated": 1512004748
  },
  {
    "id": "7da0ee4c-1f7e-40d3-86db-03f8a47e7e7a",
    "data": [
      {
        "text": "What about your plane",
        "userDefined": false
      }
    ],
    "isTemplate": false,
    "count": 0,
    "updated": 1512004748
  },
  {
    "id": "98141be9-60ab-4692-9d6b-0da4dfa2aa9a",
    "data": [
      {
        "text": "Tell me about you plane",
        "userDefined": false
      }
    ],
    "isTemplate": false,
    "count": 0,
    "updated": 1512004748
  },
  {
    "id": "c989c5f1-e642-4ec8-a3bf-63224d4b46f0",
    "data": [
      {
        "text": "Tell me about you airplane",
        "userDefined": false
      }
    ],
    "isTemplate": false,
    "count": 0,
    "updated": 1512004748
  },
  {
    "id": "ad8d04ac-9d22-4d7b-a8b4-7525c3e64131",
    "data": [
      {
        "text": "What type of airplane did you have?",
        "userDefined": false
      }
    ],
    "isTemplate": false,
    "count": 0,
    "updated": 1512004748
  },
  {
    "id": "5ad7cfe0-ed46-4c7f-84f3-5c7c87c77037",
    "data": [
      {
        "text": "What type of plane did you have?",
        "userDefined": false
      }
    ],
    "isTemplate": false,
    "count": 0,
    "updated": 1512004748
  }
]