[
  {
    "id": "401fcf33-d633-4df9-940d-44efcd91e916",
    "data": [
      {
        "text": "books",
        "userDefined": false
      }
    ],
    "isTemplate": false,
    "count": 1
  },
  {
    "id": "69c19cee-a49b-4fde-abe9-8e07822314e5",
    "data": [
      {
        "text": "Little girl",
        "userDefined": false
      }
    ],
    "isTemplate": false,
    "count": 0
  },
  {
    "id": "b3ccf43d-71f3-4680-9fb6-4cb00b20fe5c",
    "data": [
      {
        "text": "Did you write books?",
        "userDefined": false
      }
    ],
    "isTemplate": false,
    "count": 0
  },
  {
    "id": "597c9c10-4c62-4090-94c2-6e2134cf31f4",
    "data": [
      {
        "text": "Please tell me about the books you wrote",
        "userDefined": false
      }
    ],
    "isTemplate": false,
    "count": 0
  },
  {
    "id": "8a138d64-0578-418a-8826-42256df25a5c",
    "data": [
      {
        "text": "Do yo enjoy writing?",
        "userDefined": false
      }
    ],
    "isTemplate": false,
    "count": 1,
    "updated": 1512234339
  },
  {
    "id": "81971485-be7f-4b07-9b66-dd0b0ca0a2d2",
    "data": [
      {
        "text": "Do yo enjoy reading?",
        "userDefined": false
      }
    ],
    "isTemplate": false,
    "count": 0,
    "updated": 1512234339
  },
  {
    "id": "ec59b4d5-4880-41a8-8cb3-161a383217d5",
    "data": [
      {
        "text": "When did you become an author?",
        "userDefined": false
      }
    ],
    "isTemplate": false,
    "count": 0,
    "updated": 1512234339
  },
  {
    "id": "c0df2a66-9ae6-440a-975a-d3c1cd452e46",
    "data": [
      {
        "text": "Were you an author?",
        "userDefined": false
      }
    ],
    "isTemplate": false,
    "count": 0,
    "updated": 1512234339
  },
  {
    "id": "44429cfa-2582-4180-bda7-3fd05434da5c",
    "data": [
      {
        "text": "What are you favorite books?",
        "userDefined": false
      }
    ],
    "isTemplate": false,
    "count": 0,
    "updated": 1512234339
  },
  {
    "id": "39282027-295c-47c0-bb71-5a68f00670e6",
    "data": [
      {
        "text": "Did you write any books?",
        "userDefined": false
      }
    ],
    "isTemplate": false,
    "count": 0,
    "updated": 1512234339
  }
]