[
  {
    "id": "c77c19f6-c187-4687-927b-af32bc14868b",
    "data": [
      {
        "text": "What was it like being a female pilot?",
        "userDefined": false
      }
    ],
    "isTemplate": false,
    "count": 0,
    "updated": 1512004092
  },
  {
    "id": "f38b8afe-5850-4048-b78b-a9c48eff82a6",
    "data": [
      {
        "text": "What was it like being a girl pilot?",
        "userDefined": false
      }
    ],
    "isTemplate": false,
    "count": 0,
    "updated": 1512004092
  },
  {
    "id": "71bf48ba-b677-4ae0-99b1-26139165f36f",
    "data": [
      {
        "text": "What was it like being a woman pilot?",
        "userDefined": false
      }
    ],
    "isTemplate": false,
    "count": 0,
    "updated": 1512004092
  },
  {
    "id": "ae45b43e-751c-4eac-a1ee-9d821b7e90fa",
    "data": [
      {
        "text": "Were you the ",
        "userDefined": false
      },
      {
        "text": "first",
        "meta": "@sys.ignore",
        "userDefined": false
      },
      {
        "text": " woman pilot?",
        "userDefined": false
      }
    ],
    "isTemplate": false,
    "count": 0,
    "updated": 1512004092
  },
  {
    "id": "f2cc21dc-e1a4-49e4-a38b-5418ae977166",
    "data": [
      {
        "text": "How did you become interested in being a pilot?",
        "userDefined": false
      }
    ],
    "isTemplate": false,
    "count": 0,
    "updated": 1512004092
  },
  {
    "id": "ac936abe-2c5b-48b8-9d04-204a2db3fdd9",
    "data": [
      {
        "text": "Why did you become a pilot?",
        "userDefined": false
      }
    ],
    "isTemplate": false,
    "count": 0,
    "updated": 1512004092
  },
  {
    "id": "9d99791f-ae2a-4b62-a440-84f88eedffb2",
    "data": [
      {
        "text": "Are you an author of a book?",
        "userDefined": false
      }
    ],
    "isTemplate": false,
    "count": 0,
    "updated": 1512004092
  },
  {
    "id": "18d83fb5-4b3e-45d0-a6b8-2b6d2c1cb80f",
    "data": [
      {
        "text": "Are you an author?",
        "userDefined": false
      }
    ],
    "isTemplate": false,
    "count": 0,
    "updated": 1512004092
  },
  {
    "id": "2747b754-05ba-4d4d-8845-614c381dbbdf",
    "data": [
      {
        "text": "Have you ever written a book?",
        "userDefined": false
      }
    ],
    "isTemplate": false,
    "count": 0,
    "updated": 1512004092
  }
]