[
  {
    "id": "7283efa8-8c3d-4842-801e-831de46bf75b",
    "data": [
      {
        "text": "what day is your birthday?",
        "userDefined": false
      }
    ],
    "isTemplate": false,
    "count": 0,
    "updated": 1510886417
  },
  {
    "id": "1371f64e-9505-40ec-abe0-ddad15883bdb",
    "data": [
      {
        "text": "when was your birthday?",
        "userDefined": false
      }
    ],
    "isTemplate": false,
    "count": 0,
    "updated": 1510886417
  },
  {
    "id": "b53c97b9-2c56-4d40-8368-024ed324666f",
    "data": [
      {
        "text": "What year was your birthday",
        "userDefined": false
      }
    ],
    "isTemplate": false,
    "count": 0,
    "updated": 1510886417
  },
  {
    "id": "70dc1013-7c8a-4f67-8b1f-9e252297cdfc",
    "data": [
      {
        "text": "When is your birthday?",
        "userDefined": false
      }
    ],
    "isTemplate": false,
    "count": 0,
    "updated": 1510886417
  },
  {
    "id": "f33e2189-fff2-4d76-8fb0-1636bc8b32a3",
    "data": [
      {
        "text": "what year were you born?",
        "userDefined": false
      }
    ],
    "isTemplate": false,
    "count": 0,
    "updated": 1510886417
  },
  {
    "id": "4c618d77-8663-411b-a46c-47d7c19f7271",
    "data": [
      {
        "text": "Is your birthday in ?",
        "userDefined": false
      }
    ],
    "isTemplate": false,
    "count": 0,
    "updated": 1510886417
  },
  {
    "id": "d052005e-a371-4daf-8e7d-2808bbb109aa",
    "data": [
      {
        "text": "Is your birthday now?",
        "userDefined": false
      }
    ],
    "isTemplate": false,
    "count": 0,
    "updated": 1510886417
  },
  {
    "id": "3b65391b-e2a3-43a3-b854-e132ee928ea0",
    "data": [
      {
        "text": "When were you born?",
        "userDefined": false
      }
    ],
    "isTemplate": false,
    "count": 0,
    "updated": 1510886417
  }
]