[
  {
    "id": "a5c0ab34-6db1-498c-9409-5a581385dc5f",
    "data": [
      {
        "text": "Is your birthday now?",
        "userDefined": false
      }
    ],
    "isTemplate": false,
    "count": 0,
    "updated": 1510886417
  },
  {
    "id": "26b7253b-a194-4eaa-a75a-46f43663dd5b",
    "data": [
      {
        "text": "Is your birthday in ?",
        "userDefined": false
      }
    ],
    "isTemplate": false,
    "count": 0,
    "updated": 1510886417
  },
  {
    "id": "8f92fe5e-a97c-4834-9dde-ada352f84b12",
    "data": [
      {
        "text": "what year were you born?",
        "userDefined": false
      }
    ],
    "isTemplate": false,
    "count": 0,
    "updated": 1510886417
  },
  {
    "id": "f023646c-0fee-435d-9895-fcc65f3012ee",
    "data": [
      {
        "text": "When were you born?",
        "userDefined": false
      }
    ],
    "isTemplate": false,
    "count": 0,
    "updated": 1510886417
  },
  {
    "id": "742b83f6-1d09-4777-a325-41ac93e38b97",
    "data": [
      {
        "text": "when was your birthday?",
        "userDefined": false
      }
    ],
    "isTemplate": false,
    "count": 0,
    "updated": 1510886417
  },
  {
    "id": "5a815d4a-5630-4985-9c57-dfc12d0e626b",
    "data": [
      {
        "text": "What year was your birthday",
        "userDefined": false
      }
    ],
    "isTemplate": false,
    "count": 0,
    "updated": 1510886417
  },
  {
    "id": "817b6730-2a88-41c7-956a-b80b30f11108",
    "data": [
      {
        "text": "what day is your birthday?",
        "userDefined": false
      }
    ],
    "isTemplate": false,
    "count": 0,
    "updated": 1510886417
  },
  {
    "id": "414650f0-3761-4b24-a182-5435b9677c05",
    "data": [
      {
        "text": "When is your birthday?",
        "userDefined": false
      }
    ],
    "isTemplate": false,
    "count": 0,
    "updated": 1510886417
  }
]