[
  {
    "id": "ab1640e7-3080-42d0-9018-979151d6eb6a",
    "data": [
      {
        "text": "What year was your birthday",
        "userDefined": false
      }
    ],
    "isTemplate": false,
    "count": 0,
    "updated": 1510886417
  },
  {
    "id": "e020ef12-98eb-46ca-a7bf-418810d0e3f0",
    "data": [
      {
        "text": "Is your birthday in ?",
        "userDefined": false
      }
    ],
    "isTemplate": false,
    "count": 0,
    "updated": 1510886417
  },
  {
    "id": "0ced628e-947d-4962-9dd2-258d48777213",
    "data": [
      {
        "text": "Is your birthday now?",
        "userDefined": false
      }
    ],
    "isTemplate": false,
    "count": 0,
    "updated": 1510886417
  },
  {
    "id": "7601eb41-b47e-471c-9624-50d7f6871f34",
    "data": [
      {
        "text": "When were you born?",
        "userDefined": false
      }
    ],
    "isTemplate": false,
    "count": 0,
    "updated": 1510886417
  },
  {
    "id": "9ca76589-81c1-4327-bbbb-1e512909428a",
    "data": [
      {
        "text": "when was your birthday?",
        "userDefined": false
      }
    ],
    "isTemplate": false,
    "count": 0,
    "updated": 1510886417
  },
  {
    "id": "4e4373d0-2c2e-42cc-99ba-311b15bed229",
    "data": [
      {
        "text": "what year were you born?",
        "userDefined": false
      }
    ],
    "isTemplate": false,
    "count": 0,
    "updated": 1510886417
  },
  {
    "id": "65cdbf28-6eff-4b45-9ddc-6cf5fb917de6",
    "data": [
      {
        "text": "what day is your birthday?",
        "userDefined": false
      }
    ],
    "isTemplate": false,
    "count": 0,
    "updated": 1510886417
  },
  {
    "id": "c867ae69-b0ce-490c-93c9-f9e86fe7426d",
    "data": [
      {
        "text": "When is your birthday?",
        "userDefined": false
      }
    ],
    "isTemplate": false,
    "count": 0,
    "updated": 1510886417
  }
]