[
  {
    "id": "9b35800b-9f35-4f41-ad34-bf969da251d2",
    "data": [
      {
        "text": "Is your birthday now?",
        "userDefined": false
      }
    ],
    "isTemplate": false,
    "count": 0,
    "updated": 1510886417
  },
  {
    "id": "fbe08598-d41f-494f-8f1a-4a861dbcc745",
    "data": [
      {
        "text": "when was your birthday?",
        "userDefined": false
      }
    ],
    "isTemplate": false,
    "count": 0,
    "updated": 1510886417
  },
  {
    "id": "12e24bc5-ab10-4ad1-9d71-0663b50e279a",
    "data": [
      {
        "text": "When were you born?",
        "userDefined": false
      }
    ],
    "isTemplate": false,
    "count": 0,
    "updated": 1510886417
  },
  {
    "id": "6738c034-256a-4ff6-82d9-efc802df090d",
    "data": [
      {
        "text": "what year were you born?",
        "userDefined": false
      }
    ],
    "isTemplate": false,
    "count": 0,
    "updated": 1510886417
  },
  {
    "id": "1e2a63c6-a5c2-4cbb-897d-255802a3c004",
    "data": [
      {
        "text": "what day is your birthday?",
        "userDefined": false
      }
    ],
    "isTemplate": false,
    "count": 0,
    "updated": 1510886417
  },
  {
    "id": "c3f372f8-d016-4353-a9ae-3632237bebf1",
    "data": [
      {
        "text": "When is your birthday?",
        "userDefined": false
      }
    ],
    "isTemplate": false,
    "count": 0,
    "updated": 1510886417
  },
  {
    "id": "5ea471ef-bd85-4c1d-a977-3ea93fa895f4",
    "data": [
      {
        "text": "What year was your birthday",
        "userDefined": false
      }
    ],
    "isTemplate": false,
    "count": 0,
    "updated": 1510886417
  },
  {
    "id": "ff85edef-8abe-4c01-bbcd-de5556228ae0",
    "data": [
      {
        "text": "Is your birthday in ?",
        "userDefined": false
      }
    ],
    "isTemplate": false,
    "count": 0,
    "updated": 1510886417
  }
]