[
  {
    "id": "dbbbc351-0b7c-419e-acba-07bb224f6d74",
    "data": [
      {
        "text": "What year was your birthday",
        "userDefined": false
      }
    ],
    "isTemplate": false,
    "count": 0,
    "updated": 1510886417
  },
  {
    "id": "fa838880-b671-4df1-b9d2-8e8aa91a9c07",
    "data": [
      {
        "text": "Is your birthday now?",
        "userDefined": false
      }
    ],
    "isTemplate": false,
    "count": 0,
    "updated": 1510886417
  },
  {
    "id": "f11d0bec-40d6-404b-a945-9b3fd18a6941",
    "data": [
      {
        "text": "when was your birthday?",
        "userDefined": false
      }
    ],
    "isTemplate": false,
    "count": 0,
    "updated": 1510886417
  },
  {
    "id": "04d5a8b6-cc8f-4c2d-be0b-98610bcded51",
    "data": [
      {
        "text": "When were you born?",
        "userDefined": false
      }
    ],
    "isTemplate": false,
    "count": 0,
    "updated": 1510886417
  },
  {
    "id": "79d557f1-277e-4010-92f0-cee6efeb4faf",
    "data": [
      {
        "text": "When is your birthday?",
        "userDefined": false
      }
    ],
    "isTemplate": false,
    "count": 0,
    "updated": 1510886417
  },
  {
    "id": "ce43b1b5-28a8-4d42-956b-7ac63065f0d8",
    "data": [
      {
        "text": "Is your birthday in ?",
        "userDefined": false
      }
    ],
    "isTemplate": false,
    "count": 0,
    "updated": 1510886417
  },
  {
    "id": "e3bc5a72-02c5-4e94-9241-0c8bb9f31761",
    "data": [
      {
        "text": "what day is your birthday?",
        "userDefined": false
      }
    ],
    "isTemplate": false,
    "count": 0,
    "updated": 1510886417
  },
  {
    "id": "31f4237b-82d7-41ca-a61b-51bccd8bb3ee",
    "data": [
      {
        "text": "what year were you born?",
        "userDefined": false
      }
    ],
    "isTemplate": false,
    "count": 0,
    "updated": 1510886417
  }
]