[
  {
    "id": "a44abbca-11ea-49e8-a2b1-1db289f79689",
    "data": [
      {
        "text": "Are you still alive?",
        "userDefined": false
      }
    ],
    "isTemplate": false,
    "count": 0,
    "updated": 1510884092
  },
  {
    "id": "533ff8bd-1be8-4366-ac71-c25e0c483f85",
    "data": [
      {
        "text": "When did you die?",
        "userDefined": false
      }
    ],
    "isTemplate": false,
    "count": 0,
    "updated": 1510884092
  },
  {
    "id": "67019b4a-7c71-48a4-bbd1-c33def601375",
    "data": [
      {
        "text": "Are you dying?",
        "userDefined": false
      }
    ],
    "isTemplate": false,
    "count": 0,
    "updated": 1510884092
  },
  {
    "id": "27475a32-2513-44ff-9d0a-01be17615e24",
    "data": [
      {
        "text": "What year did you die?",
        "userDefined": false
      }
    ],
    "isTemplate": false,
    "count": 1,
    "updated": 1510884092
  },
  {
    "id": "8a345250-0fc9-432b-87e5-0e343b8d98b4",
    "data": [
      {
        "text": "Are you dead",
        "userDefined": false
      }
    ],
    "isTemplate": false,
    "count": 0,
    "updated": 1510884092
  },
  {
    "id": "f18d7123-04fe-42fe-9342-0b5bdeec38a0",
    "data": [
      {
        "text": "When was your death",
        "userDefined": false
      }
    ],
    "isTemplate": false,
    "count": 0,
    "updated": 1510884092
  }
]