[
  {
    "id": "dbaec10a-5b1a-45fd-a0ba-1b956a73c00a",
    "data": [
      {
        "text": "Are you dead",
        "userDefined": false
      }
    ],
    "isTemplate": false,
    "count": 0,
    "updated": 1510884092
  },
  {
    "id": "512b9b6d-2b9e-43d2-8155-a5a2dfb93dcc",
    "data": [
      {
        "text": "What year did you die?",
        "userDefined": false
      }
    ],
    "isTemplate": false,
    "count": 1,
    "updated": 1510884092
  },
  {
    "id": "f178dfa7-4913-42dc-aa29-65e8172880ae",
    "data": [
      {
        "text": "Are you dying?",
        "userDefined": false
      }
    ],
    "isTemplate": false,
    "count": 0,
    "updated": 1510884092
  },
  {
    "id": "a323462b-6a05-4ffe-a4ec-ec991134d943",
    "data": [
      {
        "text": "Are you still alive?",
        "userDefined": false
      }
    ],
    "isTemplate": false,
    "count": 0,
    "updated": 1510884092
  },
  {
    "id": "a193dce3-e6a7-456a-8204-eca2ec09b8d5",
    "data": [
      {
        "text": "When was your death",
        "userDefined": false
      }
    ],
    "isTemplate": false,
    "count": 0,
    "updated": 1510884092
  },
  {
    "id": "fbb905d9-4456-4d4b-8333-2ac6ccb46ee3",
    "data": [
      {
        "text": "When did you die?",
        "userDefined": false
      }
    ],
    "isTemplate": false,
    "count": 0,
    "updated": 1510884092
  }
]