[
  {
    "id": "41695c5a-d6da-40fd-aba0-2d7b72ec7585",
    "data": [
      {
        "text": "Are you still alive?",
        "userDefined": false
      }
    ],
    "isTemplate": false,
    "count": 0,
    "updated": 1510884092
  },
  {
    "id": "32d7e882-4e30-4628-a0c2-766a4ad65363",
    "data": [
      {
        "text": "Are you dying?",
        "userDefined": false
      }
    ],
    "isTemplate": false,
    "count": 0,
    "updated": 1510884092
  },
  {
    "id": "98f7fc08-79f3-49ef-841f-96c492dc2a77",
    "data": [
      {
        "text": "When did you die?",
        "userDefined": false
      }
    ],
    "isTemplate": false,
    "count": 0,
    "updated": 1510884092
  },
  {
    "id": "81438db0-7a2e-4e1f-bdae-8e47c4d8437b",
    "data": [
      {
        "text": "When was your death",
        "userDefined": false
      }
    ],
    "isTemplate": false,
    "count": 0,
    "updated": 1510884092
  },
  {
    "id": "e4b9a622-6101-497c-86d9-033288b884a2",
    "data": [
      {
        "text": "What year did you die?",
        "userDefined": false
      }
    ],
    "isTemplate": false,
    "count": 1,
    "updated": 1510884092
  },
  {
    "id": "a5d5f8f4-ac37-48bd-8220-6f257e703379",
    "data": [
      {
        "text": "Are you dead",
        "userDefined": false
      }
    ],
    "isTemplate": false,
    "count": 0,
    "updated": 1510884092
  }
]