[
  {
    "id": "897ea899-da8a-4493-9c10-98f7e21ca767",
    "data": [
      {
        "text": "What year did you die?",
        "userDefined": false
      }
    ],
    "isTemplate": false,
    "count": 1,
    "updated": 1510884092
  },
  {
    "id": "96a182c6-af89-4350-9888-ab5433f13b63",
    "data": [
      {
        "text": "Are you dead",
        "userDefined": false
      }
    ],
    "isTemplate": false,
    "count": 0,
    "updated": 1510884092
  },
  {
    "id": "c14abcc2-106c-4d95-87ea-16a9a42ff7a2",
    "data": [
      {
        "text": "Are you dying?",
        "userDefined": false
      }
    ],
    "isTemplate": false,
    "count": 0,
    "updated": 1510884092
  },
  {
    "id": "b1fc2f7d-0742-46e9-8159-5ffa69f6f7da",
    "data": [
      {
        "text": "Are you still alive?",
        "userDefined": false
      }
    ],
    "isTemplate": false,
    "count": 0,
    "updated": 1510884092
  },
  {
    "id": "782a7584-31de-45ab-a97b-7de44179dfc7",
    "data": [
      {
        "text": "When did you die?",
        "userDefined": false
      }
    ],
    "isTemplate": false,
    "count": 0,
    "updated": 1510884092
  },
  {
    "id": "8a5b378d-d181-4751-b458-b2faf7ea3d4e",
    "data": [
      {
        "text": "When was your death",
        "userDefined": false
      }
    ],
    "isTemplate": false,
    "count": 0,
    "updated": 1510884092
  }
]