[
  {
    "id": "96fa6872-2cbe-40a0-ae62-5f3d6688488d",
    "data": [
      {
        "text": "What year did you die?",
        "userDefined": false
      }
    ],
    "isTemplate": false,
    "count": 1,
    "updated": 1510884092
  },
  {
    "id": "a471765e-119f-402e-beaa-8ce91ed9e663",
    "data": [
      {
        "text": "Are you still alive?",
        "userDefined": false
      }
    ],
    "isTemplate": false,
    "count": 0,
    "updated": 1510884092
  },
  {
    "id": "5e7b84da-f673-4bb1-b662-7610815f391c",
    "data": [
      {
        "text": "Are you dead",
        "userDefined": false
      }
    ],
    "isTemplate": false,
    "count": 0,
    "updated": 1510884092
  },
  {
    "id": "a1125f74-e56b-45b5-b392-8b90117292a0",
    "data": [
      {
        "text": "When was your death",
        "userDefined": false
      }
    ],
    "isTemplate": false,
    "count": 0,
    "updated": 1510884092
  },
  {
    "id": "d4c48441-dce5-4ad6-8382-fe8449777fb3",
    "data": [
      {
        "text": "Are you dying?",
        "userDefined": false
      }
    ],
    "isTemplate": false,
    "count": 0,
    "updated": 1510884092
  },
  {
    "id": "aa4d3ebf-b347-4ea2-9e41-c9ab05c2d985",
    "data": [
      {
        "text": "When did you die?",
        "userDefined": false
      }
    ],
    "isTemplate": false,
    "count": 0,
    "updated": 1510884092
  }
]