[
  {
    "id": "16521110-e666-49b0-87b2-562b1cbb084e",
    "data": [
      {
        "text": "What are you famous for?",
        "userDefined": false
      }
    ],
    "isTemplate": false,
    "count": 0,
    "updated": 1511834938
  },
  {
    "id": "6f095d9a-fb19-497c-b4b6-23a4e0945b77",
    "data": [
      {
        "text": "What did you do?",
        "userDefined": false
      }
    ],
    "isTemplate": false,
    "count": 0,
    "updated": 1511834938
  },
  {
    "id": "f02df19c-7eb8-4593-a0a1-d0a5e04c5373",
    "data": [
      {
        "text": "Why are you famous?",
        "userDefined": false
      }
    ],
    "isTemplate": false,
    "count": 1
  },
  {
    "id": "4662fef0-265b-46fc-9c3c-e64f6a21fefb",
    "data": [
      {
        "text": "What are you most famous for?",
        "userDefined": false
      }
    ],
    "isTemplate": false,
    "count": 1,
    "updated": 1511834938
  }
]