[
  {
    "id": "42a6f75a-9d98-46c9-80d9-2592a72602f5",
    "data": [
      {
        "text": "What are are your accomplishments?",
        "userDefined": false
      }
    ],
    "isTemplate": false,
    "count": 1
  },
  {
    "id": "83abefff-9fbe-4bb0-a90e-d915743b6282",
    "data": [
      {
        "text": "What are you known for?",
        "userDefined": false
      }
    ],
    "isTemplate": false,
    "count": 2,
    "updated": 1512003613
  },
  {
    "id": "ec6f148e-07a6-4400-9848-8ef4018464a5",
    "data": [
      {
        "text": "What did you do that made you famous?",
        "userDefined": false
      }
    ],
    "isTemplate": false,
    "count": 0,
    "updated": 1512003613
  },
  {
    "id": "4ec70477-a6e3-4384-b2fb-47b5652a5a35",
    "data": [
      {
        "text": "What did you do?",
        "userDefined": false
      }
    ],
    "isTemplate": false,
    "count": 0,
    "updated": 1512003613
  },
  {
    "id": "3472cf18-bff1-41a6-880b-38f84c10cb22",
    "data": [
      {
        "text": "Why are you famous?",
        "userDefined": false
      }
    ],
    "isTemplate": false,
    "count": 0,
    "updated": 1512003613
  },
  {
    "id": "bddb92cd-261b-4b87-b2a0-b9e7e2d7eba1",
    "data": [
      {
        "text": "What are you famous for?",
        "userDefined": false
      }
    ],
    "isTemplate": false,
    "count": 0,
    "updated": 1512003613
  }
]