[
  {
    "id": "3f540b2b-ca7a-479a-abe3-1b3574532bf0",
    "data": [
      {
        "text": "What are you famous for?",
        "userDefined": false
      }
    ],
    "isTemplate": false,
    "count": 0,
    "updated": 1511829024
  },
  {
    "id": "b35fde7e-9206-475a-92ea-784b36cb40a9",
    "data": [
      {
        "text": "What did you do?",
        "userDefined": false
      }
    ],
    "isTemplate": false,
    "count": 0
  },
  {
    "id": "076b84fc-959b-40b1-944d-a5bbe6c2cc6d",
    "data": [
      {
        "text": "Why are you famous?",
        "userDefined": false
      }
    ],
    "isTemplate": false,
    "count": 0,
    "updated": 1511829024
  },
  {
    "id": "bec66c87-9e4b-489e-bd17-0fee9652c641",
    "data": [
      {
        "text": "What did you do that was famous?",
        "userDefined": false
      }
    ],
    "isTemplate": false,
    "count": 1
  }
]