[
  {
    "id": "f2eb3152-2b7b-4109-a1db-e9327c328326",
    "data": [
      {
        "text": "What are you known for?",
        "userDefined": false
      }
    ],
    "isTemplate": false,
    "count": 1,
    "updated": 1512005124
  },
  {
    "id": "8067df3e-55b3-4e33-9f2a-36711c1f5fb5",
    "data": [
      {
        "text": "What are your accomplishments?",
        "userDefined": false
      }
    ],
    "isTemplate": false,
    "count": 0,
    "updated": 1512005124
  },
  {
    "id": "7248f8de-d3bd-4e0e-959a-b5a715486862",
    "data": [
      {
        "text": "What did you accomplish?",
        "userDefined": false
      }
    ],
    "isTemplate": false,
    "count": 0,
    "updated": 1512005124
  },
  {
    "id": "5fb3f135-70b3-423e-ab20-caad6ac2c6b9",
    "data": [
      {
        "text": "What did you do?",
        "userDefined": false
      }
    ],
    "isTemplate": false,
    "count": 0,
    "updated": 1512005124
  },
  {
    "id": "7c4ccff7-4790-47bc-bba5-db3dc5c8655a",
    "data": [
      {
        "text": "How did you become famous?",
        "userDefined": false
      }
    ],
    "isTemplate": false,
    "count": 0,
    "updated": 1512005124
  },
  {
    "id": "1f62437c-0e6b-4b52-b50b-42b96aedcf20",
    "data": [
      {
        "text": "Why are you famous?",
        "userDefined": false
      }
    ],
    "isTemplate": false,
    "count": 0,
    "updated": 1512005124
  },
  {
    "id": "965679e0-154d-4794-a627-262220ed0ec4",
    "data": [
      {
        "text": "What are you famous for?",
        "userDefined": false
      }
    ],
    "isTemplate": false,
    "count": 0,
    "updated": 1512005124
  }
]