[
  {
    "id": "9bbcb4b5-e2f5-4e91-a315-46ab0e6c2d21",
    "data": [
      {
        "text": "first",
        "meta": "@sys.ignore",
        "userDefined": false
      },
      {
        "text": " job",
        "userDefined": false
      }
    ],
    "isTemplate": false,
    "count": 0,
    "updated": 1511830430
  },
  {
    "id": "8686d088-3408-4c97-a172-06954d3c8182",
    "data": [
      {
        "text": "do you like math?",
        "userDefined": false
      }
    ],
    "isTemplate": false,
    "count": 0,
    "updated": 1511830430
  },
  {
    "id": "15072b7e-7496-41df-91b4-599d30d151d0",
    "data": [
      {
        "text": "What was your job before you were president?",
        "userDefined": false
      }
    ],
    "isTemplate": false,
    "count": 0,
    "updated": 1511830430
  },
  {
    "id": "3e6e2318-1c6e-40b6-a077-91ebd2648553",
    "data": [
      {
        "text": "Are you good at math?",
        "userDefined": false
      }
    ],
    "isTemplate": false,
    "count": 1,
    "updated": 1511830430
  },
  {
    "id": "83e1a4e4-ba6f-4c54-b326-912d8f3fd747",
    "data": [
      {
        "text": "What did you do before you were president?",
        "userDefined": false
      }
    ],
    "isTemplate": false,
    "count": 0,
    "updated": 1511830430
  },
  {
    "id": "56a70483-1252-4cea-8487-559e66d50c43",
    "data": [
      {
        "text": "before president",
        "userDefined": false
      }
    ],
    "isTemplate": false,
    "count": 1,
    "updated": 1511830430
  }
]