[
  {
    "id": "5e9a6209-f21e-4f88-bd62-871ce4c14c22",
    "data": [
      {
        "text": "What did you do after you were President?",
        "userDefined": false
      }
    ],
    "isTemplate": false,
    "count": 0,
    "updated": 1511830811
  },
  {
    "id": "0c6a3fd9-6918-49c9-98b2-475171cc152a",
    "data": [
      {
        "text": "Where you a planter?",
        "userDefined": false
      }
    ],
    "isTemplate": false,
    "count": 1,
    "updated": 1511830811
  },
  {
    "id": "efdac160-cda6-498e-adfc-2eeeb8af4eac",
    "data": [
      {
        "text": "What did you do after you retired?",
        "userDefined": false
      }
    ],
    "isTemplate": false,
    "count": 0,
    "updated": 1511830811
  },
  {
    "id": "96fcfced-e519-487a-bbae-eb83b2065a34",
    "data": [
      {
        "text": "Did you own a farm?",
        "userDefined": false
      }
    ],
    "isTemplate": false,
    "count": 0,
    "updated": 1511830811
  },
  {
    "id": "27d53ab0-90de-4767-8c40-78b886441fb8",
    "data": [
      {
        "text": "Where did you retire?",
        "userDefined": false
      }
    ],
    "isTemplate": false,
    "count": 0,
    "updated": 1511830811
  },
  {
    "id": "2ff477d9-aeb2-46e2-8752-93ac7bfd0472",
    "data": [
      {
        "text": "Where did you live after you were president?",
        "userDefined": false
      }
    ],
    "isTemplate": false,
    "count": 0,
    "updated": 1511830811
  },
  {
    "id": "3e3dcab2-83d1-4f54-8f7c-a7ea18dbaf17",
    "data": [
      {
        "text": "Did you like to farm?",
        "userDefined": false
      }
    ],
    "isTemplate": false,
    "count": 0,
    "updated": 1511830811
  },
  {
    "id": "d0fc65f3-5d19-49ea-aac3-a2c61fffa78a",
    "data": [
      {
        "text": "after you were President?",
        "userDefined": false
      }
    ],
    "isTemplate": false,
    "count": 0,
    "updated": 1511830811
  },
  {
    "id": "b1d80b32-d9bb-4799-8748-7fc8c3143e8c",
    "data": [
      {
        "text": "How was your retirement?",
        "userDefined": false
      }
    ],
    "isTemplate": false,
    "count": 0,
    "updated": 1511830811
  }
]