[
  {
    "id": "f0b28c3a-39cd-4d3a-92c3-f6d8cce39ddd",
    "data": [
      {
        "text": "What did you achieve?",
        "userDefined": false
      }
    ],
    "isTemplate": false,
    "count": 1,
    "updated": 1511830099
  },
  {
    "id": "fb053d92-b232-4ae7-b058-7cbe387c608e",
    "data": [
      {
        "text": "What did you accomplish?",
        "userDefined": false
      }
    ],
    "isTemplate": false,
    "count": 0,
    "updated": 1511830099
  },
  {
    "id": "1ae7914e-414f-407b-baa9-d2bf56b8c41f",
    "data": [
      {
        "text": "Most important",
        "userDefined": false
      }
    ],
    "isTemplate": false,
    "count": 0,
    "updated": 1511830099
  },
  {
    "id": "0f97b2dc-6ac4-4435-8112-b1751dd72c01",
    "data": [
      {
        "text": "What did you do?",
        "userDefined": false
      }
    ],
    "isTemplate": false,
    "count": 0,
    "updated": 1511830099
  },
  {
    "id": "54d0672f-71a9-43ec-85a3-eed5f110d35b",
    "data": [
      {
        "text": "What did you do that was important?",
        "userDefined": false
      }
    ],
    "isTemplate": false,
    "count": 0,
    "updated": 1511830099
  },
  {
    "id": "7789717b-df4f-4d16-81e3-30e69bc65824",
    "data": [
      {
        "text": "What\u0027s the most important thing you did?",
        "userDefined": false
      }
    ],
    "isTemplate": false,
    "count": 0,
    "updated": 1511830099
  },
  {
    "id": "b0f29ee1-bfb8-4270-aee0-f7337c48de30",
    "data": [
      {
        "text": "What\u0027s your biggest accomplishment?",
        "userDefined": false
      }
    ],
    "isTemplate": false,
    "count": 0,
    "updated": 1511830099
  }
]