[
  {
    "id": "bd70f444-37a8-4124-8854-aef20fc5cc18",
    "data": [
      {
        "text": "Do you know any children?",
        "userDefined": false
      }
    ],
    "isTemplate": false,
    "count": 1,
    "updated": 1511831609
  },
  {
    "id": "3f06ff47-3de4-479f-b33b-ab2e2c637a1b",
    "data": [
      {
        "text": "How many kids did you have?",
        "userDefined": false
      }
    ],
    "isTemplate": false,
    "count": 0,
    "updated": 1511831609
  },
  {
    "id": "27d608d3-201d-445b-9038-ff8215ab24aa",
    "data": [
      {
        "text": "Do you like children?",
        "userDefined": false
      }
    ],
    "isTemplate": false,
    "count": 0,
    "updated": 1511831609
  },
  {
    "id": "1495fe4e-2fd7-40fb-b2f0-5fb8a298d512",
    "data": [
      {
        "text": "Did you have children?",
        "userDefined": false
      }
    ],
    "isTemplate": false,
    "count": 0,
    "updated": 1511831609
  },
  {
    "id": "c98c2143-bb23-4ef0-9e1c-f14770091685",
    "data": [
      {
        "text": "What were your kids\u0027 names?",
        "userDefined": false
      }
    ],
    "isTemplate": false,
    "count": 0,
    "updated": 1511831609
  },
  {
    "id": "b4a421ed-8906-4f59-9b3b-c6a7f81e789c",
    "data": [
      {
        "text": "Do you like kids?",
        "userDefined": false
      }
    ],
    "isTemplate": false,
    "count": 0,
    "updated": 1511831609
  },
  {
    "id": "241efb9e-f732-487a-b48b-7f7be413be21",
    "data": [
      {
        "text": "How many children did you have?",
        "userDefined": false
      }
    ],
    "isTemplate": false,
    "count": 0,
    "updated": 1511831609
  },
  {
    "id": "00516dd8-0244-4fc2-afb9-df05046996f0",
    "data": [
      {
        "text": "Do you know any kids?",
        "userDefined": false
      }
    ],
    "isTemplate": false,
    "count": 0,
    "updated": 1511831609
  },
  {
    "id": "19c47bdc-d778-47eb-87c1-5367484b8216",
    "data": [
      {
        "text": "What were your childrens\u0027 names?",
        "userDefined": false
      }
    ],
    "isTemplate": false,
    "count": 0,
    "updated": 1511831609
  }
]