[
  {
    "id": "93f155f7-8b3a-464d-82b1-6ed5d48943b8",
    "data": [
      {
        "text": "Did you win the election?",
        "userDefined": false
      }
    ],
    "isTemplate": false,
    "count": 0,
    "updated": 1511831400
  },
  {
    "id": "e9d935ee-961a-4058-a4a9-a9d058b0bfc9",
    "data": [
      {
        "text": "What are you most proud of?",
        "userDefined": false
      }
    ],
    "isTemplate": false,
    "count": 0,
    "updated": 1511831400
  },
  {
    "id": "b804799b-231b-4fdc-8d5f-befa150046ab",
    "data": [
      {
        "text": "How many votes did you get?",
        "userDefined": false
      }
    ],
    "isTemplate": false,
    "count": 0,
    "updated": 1511831400
  },
  {
    "id": "b9cdd8fb-8589-4b59-be28-3a2b7a3d235f",
    "data": [
      {
        "text": "How was your election?",
        "userDefined": false
      }
    ],
    "isTemplate": false,
    "count": 0,
    "updated": 1511831400
  },
  {
    "id": "0461853e-e0d7-4927-a905-04586df0d897",
    "data": [
      {
        "text": "Did people vote for you?",
        "userDefined": false
      }
    ],
    "isTemplate": false,
    "count": 0,
    "updated": 1511831400
  },
  {
    "id": "8355ea72-4f3f-4404-8d45-210030ce4184",
    "data": [
      {
        "text": "Did you get elected?",
        "userDefined": false
      }
    ],
    "isTemplate": false,
    "count": 0,
    "updated": 1511831400
  }
]