[
  {
    "id": "97531f1d-8fac-41fe-b726-08437eb179f4",
    "data": [
      {
        "text": "Did you chop down a cherry tree?",
        "userDefined": false
      }
    ],
    "isTemplate": false,
    "count": 0,
    "updated": 1511829820
  },
  {
    "id": "ce616472-585e-4255-9c62-38bd95d685f7",
    "data": [
      {
        "text": "Have you ever lied?",
        "userDefined": false
      }
    ],
    "isTemplate": false,
    "count": 0,
    "updated": 1511829820
  },
  {
    "id": "78cc9f2b-1a5e-4499-ab4d-7415079d10a3",
    "data": [
      {
        "text": "Tell me about the cherry tree",
        "userDefined": false
      }
    ],
    "isTemplate": false,
    "count": 0,
    "updated": 1511829820
  },
  {
    "id": "61d05127-505e-4a24-9743-f6b48ff52019",
    "data": [
      {
        "text": "What happened with the cherry tree?",
        "userDefined": false
      }
    ],
    "isTemplate": false,
    "count": 0,
    "updated": 1511829820
  },
  {
    "id": "aaed24a2-aa5a-4663-ae6d-7965e5a9e398",
    "data": [
      {
        "text": "Do you ever lie?",
        "userDefined": false
      }
    ],
    "isTemplate": false,
    "count": 0,
    "updated": 1511829820
  },
  {
    "id": "7ac35dc1-5685-4687-88a7-dc22de7e6854",
    "data": [
      {
        "text": "Have you ever fibbed?",
        "userDefined": false
      }
    ],
    "isTemplate": false,
    "count": 1,
    "updated": 1511829820
  },
  {
    "id": "fd769c14-5d2f-464e-b56b-0ddd47993aef",
    "data": [
      {
        "text": "Did you ever tell a lie?",
        "userDefined": false
      }
    ],
    "isTemplate": false,
    "count": 0,
    "updated": 1511829820
  }
]