[
  {
    "id": "8fa09021-dc6e-49fc-a32c-e3c8045c5ac7",
    "data": [
      {
        "text": "What was your biggest defeat?",
        "userDefined": false
      }
    ],
    "isTemplate": false,
    "count": 0,
    "updated": 1511831035
  },
  {
    "id": "85084a53-7eef-4e8c-bc7f-5032216f4dbf",
    "data": [
      {
        "text": "Did you lose the war?",
        "userDefined": false
      }
    ],
    "isTemplate": false,
    "count": 0,
    "updated": 1511831035
  },
  {
    "id": "f3c342f2-e76d-4618-a11d-a730562d25aa",
    "data": [
      {
        "text": "How did the war go?",
        "userDefined": false
      }
    ],
    "isTemplate": false,
    "count": 0,
    "updated": 1511831035
  },
  {
    "id": "04be6a2a-a9cf-40a9-a24f-f4b05792405e",
    "data": [
      {
        "text": "What did you do during the war?",
        "userDefined": false
      }
    ],
    "isTemplate": false,
    "count": 0,
    "updated": 1511831035
  },
  {
    "id": "2268c502-c5a0-4939-85ad-b4c5afc52998",
    "data": [
      {
        "text": "Did you win the war?",
        "userDefined": false
      }
    ],
    "isTemplate": false,
    "count": 0,
    "updated": 1511831035
  },
  {
    "id": "2185bb2a-5ca0-49f4-b728-1bc3fa4f4086",
    "data": [
      {
        "text": "Biggest defeat",
        "userDefined": false
      }
    ],
    "isTemplate": false,
    "count": 1,
    "updated": 1511831035
  },
  {
    "id": "6d9ba8e0-737e-40cb-8fd8-0015754f791f",
    "data": [
      {
        "text": "Were you ever defeated?",
        "userDefined": false
      }
    ],
    "isTemplate": false,
    "count": 0,
    "updated": 1511831035
  },
  {
    "id": "2f60f59d-5a75-44a5-8885-9b25acca8b96",
    "data": [
      {
        "text": "Did you win?",
        "userDefined": false
      }
    ],
    "isTemplate": false,
    "count": 0,
    "updated": 1511831035
  },
  {
    "id": "25dd4fff-c75b-46e8-a7a9-bc05986744fa",
    "data": [
      {
        "text": "Did you ever lose?",
        "userDefined": false
      }
    ],
    "isTemplate": false,
    "count": 0,
    "updated": 1511831035
  }
]