[
  {
    "id": "35b50048-60ae-4202-817a-6f27502df53c",
    "data": [
      {
        "text": "Did you like the ",
        "userDefined": false
      },
      {
        "text": "White",
        "meta": "@sys.ignore",
        "userDefined": false
      },
      {
        "text": " House?",
        "userDefined": false
      }
    ],
    "isTemplate": false,
    "count": 1,
    "updated": 1511831228
  },
  {
    "id": "40a20a33-bc49-49df-8b24-e242ca6a7363",
    "data": [
      {
        "text": "Did you live in ",
        "userDefined": false
      },
      {
        "text": "Washington DC",
        "alias": "geo-city",
        "meta": "@sys.geo-city",
        "userDefined": false
      },
      {
        "text": "?",
        "userDefined": false
      }
    ],
    "isTemplate": false,
    "count": 0,
    "updated": 1511831228
  },
  {
    "id": "d3879ea9-ab50-49b8-8c9e-0e78e56e1b59",
    "data": [
      {
        "text": "Did you live in the ",
        "userDefined": false
      },
      {
        "text": "White",
        "meta": "@sys.ignore",
        "userDefined": false
      },
      {
        "text": " House?",
        "userDefined": false
      }
    ],
    "isTemplate": false,
    "count": 0,
    "updated": 1511831228
  },
  {
    "id": "4a17e057-d4df-4731-a8ac-d69a0a98d624",
    "data": [
      {
        "text": "White",
        "meta": "@sys.ignore",
        "userDefined": false
      },
      {
        "text": " House",
        "userDefined": false
      }
    ],
    "isTemplate": false,
    "count": 0,
    "updated": 1511831228
  },
  {
    "id": "f424a5bf-b609-4d5a-9eea-55b60f7e03db",
    "data": [
      {
        "text": "Where did you live?",
        "userDefined": false
      }
    ],
    "isTemplate": false,
    "count": 0,
    "updated": 1511831228
  }
]