[
  {
    "id": "6fc28123-3ee9-4e0b-9a73-bb30f789e527",
    "data": [
      {
        "text": "Who is ",
        "userDefined": false
      },
      {
        "text": "Stephen",
        "meta": "@sys.ignore",
        "userDefined": false
      },
      {
        "text": " ",
        "userDefined": false
      },
      {
        "text": "Douglas",
        "meta": "@sys.ignore",
        "userDefined": false
      },
      {
        "text": "?",
        "userDefined": false
      }
    ],
    "isTemplate": false,
    "count": 0,
    "updated": 1511836167
  },
  {
    "id": "36c35421-4ddb-4b38-9a99-dbb5104b3e34",
    "data": [
      {
        "text": "Were you against slavery?",
        "userDefined": false
      }
    ],
    "isTemplate": false,
    "count": 0,
    "updated": 1511836167
  },
  {
    "id": "2b88fc95-0c92-4e19-adaf-a0d9f4bdaf66",
    "data": [
      {
        "text": "Were you for slavery?",
        "userDefined": false
      }
    ],
    "isTemplate": false,
    "count": 0,
    "updated": 1511836167
  },
  {
    "id": "39bb1387-5bb8-4bfb-854f-092dc0efcd8e",
    "data": [
      {
        "text": "Did you debate ",
        "userDefined": false
      },
      {
        "text": "Stephen",
        "meta": "@sys.ignore",
        "userDefined": false
      },
      {
        "text": " ",
        "userDefined": false
      },
      {
        "text": "Douglas",
        "meta": "@sys.ignore",
        "userDefined": false
      },
      {
        "text": "?",
        "userDefined": false
      }
    ],
    "isTemplate": false,
    "count": 0,
    "updated": 1511836167
  },
  {
    "id": "65318bd3-c4ca-4b0e-b817-8f29b4c63556",
    "data": [
      {
        "text": "What did you do before you were president?",
        "userDefined": false
      }
    ],
    "isTemplate": false,
    "count": 1,
    "updated": 1511836167
  },
  {
    "id": "f9b4d814-79b3-436b-98a2-9712008cc572",
    "data": [
      {
        "text": "Do you like to debate?",
        "userDefined": false
      }
    ],
    "isTemplate": false,
    "count": 0,
    "updated": 1511836167
  },
  {
    "id": "3e4c6dfd-b81c-4d04-baba-3398f6e371d2",
    "data": [
      {
        "text": "Did you debate ",
        "userDefined": false
      },
      {
        "text": "Douglas",
        "meta": "@sys.ignore",
        "userDefined": false
      },
      {
        "text": "?",
        "userDefined": false
      }
    ],
    "isTemplate": false,
    "count": 0,
    "updated": 1511836167
  }
]