[
  {
    "id": "84c61064-f5cd-4b66-8867-94c9cb77fe5e",
    "data": [
      {
        "text": "log cabin",
        "userDefined": false
      }
    ],
    "isTemplate": false,
    "count": 0,
    "updated": 1511836484
  },
  {
    "id": "fb612281-9db7-4e32-857d-66f712d6c4e7",
    "data": [
      {
        "text": "What did you do when your were young?",
        "userDefined": false
      }
    ],
    "isTemplate": false,
    "count": 0,
    "updated": 1511836484
  },
  {
    "id": "61586a4e-5493-44a3-beaf-05faac5fb6e7",
    "data": [
      {
        "text": "Where did you grow up?",
        "userDefined": false
      }
    ],
    "isTemplate": false,
    "count": 1,
    "updated": 1511836484
  },
  {
    "id": "c8ea6588-cd7b-4065-98ef-32703a0d552a",
    "data": [
      {
        "text": "Where were you born?",
        "userDefined": false
      }
    ],
    "isTemplate": false,
    "count": 0,
    "updated": 1511836484
  },
  {
    "id": "7c602fa0-b6b0-4549-a6fe-cbf155352fbe",
    "data": [
      {
        "text": "Did you grow up in a log cabin?",
        "userDefined": false
      }
    ],
    "isTemplate": false,
    "count": 0,
    "updated": 1511836484
  },
  {
    "id": "fc051594-f01f-4128-bb52-be468ab0513f",
    "data": [
      {
        "text": "What did you do when your were a boy?",
        "userDefined": false
      }
    ],
    "isTemplate": false,
    "count": 1,
    "updated": 1511836484
  },
  {
    "id": "334eac86-d22b-4291-97f2-af388c0afcb5",
    "data": [
      {
        "text": "Did you live in a log cabin?",
        "userDefined": false
      }
    ],
    "isTemplate": false,
    "count": 0,
    "updated": 1511836484
  },
  {
    "id": "3deae498-0198-4423-b26e-0e194089dee1",
    "data": [
      {
        "text": "Where did you live?",
        "userDefined": false
      }
    ],
    "isTemplate": false,
    "count": 0,
    "updated": 1511836484
  }
]