[
  {
    "id": "b160ea0a-8a06-4795-9040-ec4e52e8dca8",
    "data": [
      {
        "text": "Did you make any speeches?",
        "userDefined": false
      }
    ],
    "isTemplate": false,
    "count": 0,
    "updated": 1511835619
  },
  {
    "id": "24395ab5-42fa-4bfc-8550-0dd25fc7e2dc",
    "data": [
      {
        "text": "Tell me about the Gettysburg Address",
        "userDefined": false
      }
    ],
    "isTemplate": false,
    "count": 0,
    "updated": 1511835619
  },
  {
    "id": "1b744f6a-b402-4824-afc6-1aaf5f8dec7b",
    "data": [
      {
        "text": "Gettysburg Address",
        "userDefined": false
      }
    ],
    "isTemplate": false,
    "count": 0,
    "updated": 1511835619
  },
  {
    "id": "d6d7d986-ebd1-4f90-a6fa-96df31e09732",
    "data": [
      {
        "text": "What do you like to talk about?",
        "userDefined": false
      }
    ],
    "isTemplate": false,
    "count": 0,
    "updated": 1511835619
  }
]