[
  {
    "id": "52706cbc-7461-4d05-9f88-be2c3c30214f",
    "data": [
      {
        "text": "Do you have kids?",
        "userDefined": false
      }
    ],
    "isTemplate": false,
    "count": 0,
    "updated": 1511835326
  },
  {
    "id": "0f1652eb-8e8e-4499-bac7-a82639f68ea4",
    "data": [
      {
        "text": "Do you like children?",
        "userDefined": false
      }
    ],
    "isTemplate": false,
    "count": 0,
    "updated": 1511835326
  },
  {
    "id": "b5eee660-80fb-4a57-98a0-9557cd67fb3e",
    "data": [
      {
        "text": "Do you have Children?",
        "userDefined": false
      }
    ],
    "isTemplate": false,
    "count": 0,
    "updated": 1511835326
  },
  {
    "id": "bfd58d5d-11a3-469e-89df-1553ab93c6e1",
    "data": [
      {
        "text": "Do you like kids?",
        "userDefined": false
      }
    ],
    "isTemplate": false,
    "count": 0,
    "updated": 1511835326
  },
  {
    "id": "19a0efdd-65be-4d87-9172-d1a027dd2233",
    "data": [
      {
        "text": "What are you kids\u0027 names?",
        "userDefined": false
      }
    ],
    "isTemplate": false,
    "count": 0,
    "updated": 1511835326
  },
  {
    "id": "49751fde-fe37-42c6-9518-4818e13bcaa3",
    "data": [
      {
        "text": "What are you childrens\u0027 names?",
        "userDefined": false
      }
    ],
    "isTemplate": false,
    "count": 1,
    "updated": 1511835326
  }
]