[
  {
    "id": "a43b12a8-14a1-46d0-8f76-e08fb0d567ab",
    "data": [
      {
        "text": "Can I please speak to ",
        "userDefined": false
      },
      {
        "text": "Alan Turing",
        "alias": "Turing",
        "meta": "@Turing",
        "userDefined": true
      }
    ],
    "isTemplate": false,
    "count": 0
  },
  {
    "id": "826eb3ec-293a-4ef7-8181-201b2a109b3d",
    "data": [
      {
        "text": "Shout out to ",
        "userDefined": false
      },
      {
        "text": "Alan Turing",
        "alias": "Turing",
        "meta": "@Turing",
        "userDefined": true
      }
    ],
    "isTemplate": false,
    "count": 0
  },
  {
    "id": "d43d8ccc-47a2-412e-b18b-06c2775a1287",
    "data": [
      {
        "text": "Speak to ",
        "userDefined": false
      },
      {
        "text": "Alan Turing",
        "alias": "Turing",
        "meta": "@Turing",
        "userDefined": true
      }
    ],
    "isTemplate": false,
    "count": 0
  },
  {
    "id": "ecfe4c88-2280-4f70-8d0f-a860d0e1b61a",
    "data": [
      {
        "text": "talk to ",
        "userDefined": false
      },
      {
        "text": "Alan Turing",
        "alias": "Turing",
        "meta": "@Turing",
        "userDefined": true
      }
    ],
    "isTemplate": false,
    "count": 0
  },
  {
    "id": "ceaba654-d603-4a43-8633-cfb000096df0",
    "data": [
      {
        "text": "Alan Turing",
        "alias": "Turing1",
        "meta": "@Turing",
        "userDefined": true
      }
    ],
    "isTemplate": false,
    "count": 1
  },
  {
    "id": "7be49f60-cebe-4469-9805-2e5553903c17",
    "data": [
      {
        "text": "I want to talk to ",
        "userDefined": false
      },
      {
        "text": "Alan Turing",
        "alias": "Turing1",
        "meta": "@Turing",
        "userDefined": true
      }
    ],
    "isTemplate": false,
    "count": 0
  },
  {
    "id": "400a2800-99f3-4974-9685-1e784e5c1441",
    "data": [
      {
        "text": "Can I talk to ",
        "userDefined": false
      },
      {
        "text": "Alan Turing",
        "alias": "Turing",
        "meta": "@Turing",
        "userDefined": true
      }
    ],
    "isTemplate": false,
    "count": 0
  }
]