[
  {
    "id": "24ae14ff-4f96-4b0d-bd5f-15cc4951c265",
    "data": [
      {
        "text": "Speak to ",
        "userDefined": false
      },
      {
        "text": "Abraham Lincoln",
        "alias": "Lincoln",
        "meta": "@Lincoln",
        "userDefined": true
      }
    ],
    "isTemplate": false,
    "count": 0
  },
  {
    "id": "facbf6f5-d805-460d-9bb7-bddd36a24469",
    "data": [
      {
        "text": "President ",
        "userDefined": false
      },
      {
        "text": "Abraham Lincoln",
        "alias": "Lincoln",
        "meta": "@Lincoln",
        "userDefined": true
      }
    ],
    "isTemplate": false,
    "count": 1
  },
  {
    "id": "66e20ff1-e69a-4081-b76b-d5f6d272b901",
    "data": [
      {
        "text": "Abraham Lincoln",
        "alias": "Lincoln",
        "meta": "@Lincoln",
        "userDefined": true
      }
    ],
    "isTemplate": false,
    "count": 0
  },
  {
    "id": "67402051-6375-45b3-956d-38d0c2bbc5a7",
    "data": [
      {
        "text": "Dr ",
        "userDefined": false
      },
      {
        "text": "Abraham Lincoln",
        "alias": "Lincoln",
        "meta": "@Lincoln",
        "userDefined": true
      }
    ],
    "isTemplate": false,
    "count": 2
  },
  {
    "id": "f63b001f-fd3e-4040-be97-6c0cd5e841a6",
    "data": [
      {
        "text": "Can I please speak to ",
        "userDefined": false
      },
      {
        "text": "Abraham Lincoln",
        "alias": "Lincoln",
        "meta": "@Lincoln",
        "userDefined": true
      }
    ],
    "isTemplate": false,
    "count": 0
  },
  {
    "id": "86aee280-8061-42b5-b08e-1d1a9dafb4b4",
    "data": [
      {
        "text": "I want to talk to ",
        "userDefined": false
      },
      {
        "text": "Abraham Lincoln",
        "alias": "Lincoln",
        "meta": "@Lincoln",
        "userDefined": true
      }
    ],
    "isTemplate": false,
    "count": 1
  },
  {
    "id": "463a1a3d-262f-4113-a229-34721722a562",
    "data": [
      {
        "text": "talk to ",
        "userDefined": false
      },
      {
        "text": "Abraham Lincoln",
        "alias": "Lincoln",
        "meta": "@Lincoln",
        "userDefined": true
      }
    ],
    "isTemplate": false,
    "count": 0
  },
  {
    "id": "5f1c3a94-db26-4449-8eb5-7b980590d83f",
    "data": [
      {
        "text": "shout out to president ",
        "userDefined": false
      },
      {
        "text": "lincoln",
        "alias": "Lincoln",
        "meta": "@Lincoln",
        "userDefined": true
      }
    ],
    "isTemplate": false,
    "count": 0
  },
  {
    "id": "ff43e096-7ce2-4aa2-abc3-35115bccf03a",
    "data": [
      {
        "text": "let me talk to ",
        "userDefined": false
      },
      {
        "text": "Abraham Lincoln",
        "alias": "Lincoln",
        "meta": "@Lincoln",
        "userDefined": true
      }
    ],
    "isTemplate": false,
    "count": 0
  }
]