[
  {
    "id": "da81fded-645a-43ad-afe1-5c1495d49a09",
    "data": [
      {
        "text": "Queen Victoria",
        "alias": "Victoria",
        "meta": "@Victoria",
        "userDefined": false
      }
    ],
    "isTemplate": false,
    "count": 0,
    "updated": 0
  },
  {
    "id": "547b5dbe-6f4e-44cf-8001-e18a8a0e2c0f",
    "data": [
      {
        "text": "Speak to ",
        "userDefined": false
      },
      {
        "text": "Queen",
        "alias": "Victoria",
        "meta": "@Victoria",
        "userDefined": true
      }
    ],
    "isTemplate": false,
    "count": 0
  },
  {
    "id": "1996ad8b-2793-49a7-9746-aa90335ffb2f",
    "data": [
      {
        "text": "Shout out to ",
        "userDefined": false
      },
      {
        "text": "Queen Victoria",
        "alias": "Victoria",
        "meta": "@Victoria",
        "userDefined": true
      }
    ],
    "isTemplate": false,
    "count": 0
  },
  {
    "id": "d3cfea9d-c5ac-4f7f-aeb7-e743cd6ab2d4",
    "data": [
      {
        "text": "I want to talk to ",
        "userDefined": false
      },
      {
        "text": "Queen Victoria",
        "alias": "Victoria",
        "meta": "@Victoria",
        "userDefined": true
      }
    ],
    "isTemplate": false,
    "count": 0
  },
  {
    "id": "f9acb214-86cc-4367-941c-c0257de7d91c",
    "data": [
      {
        "text": "Talk to ",
        "userDefined": false
      },
      {
        "text": "Victoria",
        "alias": "Victoria",
        "meta": "@Victoria",
        "userDefined": true
      }
    ],
    "isTemplate": false,
    "count": 0
  },
  {
    "id": "f43e70ce-23f5-4e8c-8ca7-23ccac1372bd",
    "data": [
      {
        "text": "Can I talk to ",
        "userDefined": false
      },
      {
        "text": "Queen Victoria",
        "alias": "Victoria",
        "meta": "@Victoria",
        "userDefined": true
      }
    ],
    "isTemplate": false,
    "count": 0
  },
  {
    "id": "1f2a7537-bd00-4d04-ba39-6ac5555a598a",
    "data": [
      {
        "text": "to talk to ",
        "userDefined": false
      },
      {
        "text": "Queen Victoria",
        "alias": "Victoria",
        "meta": "@Victoria",
        "userDefined": true
      }
    ],
    "isTemplate": false,
    "count": 0,
    "updated": 0
  },
  {
    "id": "e2de2beb-34e2-4672-8795-48ee085d13cb",
    "data": [
      {
        "text": "Queen Victoria",
        "alias": "Victoria",
        "meta": "@Victoria",
        "userDefined": true
      }
    ],
    "isTemplate": false,
    "count": 0
  },
  {
    "id": "e7d44cd5-57c2-4bbc-8000-d2bf31acc646",
    "data": [
      {
        "text": "Speak to ",
        "userDefined": false
      },
      {
        "text": "victoria",
        "alias": "Victoria",
        "meta": "@Victoria",
        "userDefined": true
      }
    ],
    "isTemplate": false,
    "count": 0
  },
  {
    "id": "817b51ea-9d9c-4f6b-98e8-425e04f0a77d",
    "data": [
      {
        "text": "Can I please speak to Queen Victoria",
        "userDefined": false
      }
    ],
    "isTemplate": false,
    "count": 0
  }
]