[
  {
    "id": "844f62dd-2fb2-4503-9a0b-3b168a30923a",
    "data": [
      {
        "text": "please speak to ",
        "userDefined": false
      },
      {
        "text": "George Washington",
        "alias": "Washington",
        "meta": "@Washington",
        "userDefined": true
      }
    ],
    "isTemplate": false,
    "count": 0,
    "updated": 0
  },
  {
    "id": "df727755-ba59-400b-9622-8e28b77559fa",
    "data": [
      {
        "text": "can I speak to ",
        "userDefined": false
      },
      {
        "text": "George Washington",
        "alias": "Washington",
        "meta": "@Washington",
        "userDefined": true
      }
    ],
    "isTemplate": false,
    "count": 0,
    "updated": 0
  },
  {
    "id": "a405d64b-9247-4972-9d61-9aff125a2679",
    "data": [
      {
        "text": "let me talk to ",
        "userDefined": false
      },
      {
        "text": "George Washington",
        "alias": "Washington",
        "meta": "@Washington",
        "userDefined": true
      }
    ],
    "isTemplate": false,
    "count": 0
  },
  {
    "id": "5ca9382e-a7b9-4a2b-b1e2-2d7de31e6d3b",
    "data": [
      {
        "text": "Summon ",
        "userDefined": false
      },
      {
        "text": "George Washington",
        "alias": "Washington",
        "meta": "@Washington",
        "userDefined": true
      }
    ],
    "isTemplate": false,
    "count": 0
  },
  {
    "id": "2063174d-d9c4-472b-9ded-e3c53a02cae8",
    "data": [
      {
        "text": "George Washington",
        "alias": "Washington",
        "meta": "@Washington",
        "userDefined": true
      }
    ],
    "isTemplate": false,
    "count": 0,
    "updated": 1510743245
  },
  {
    "id": "7de37945-74a6-4e2b-bf7f-8c5a0f488a24",
    "data": [
      {
        "text": "Can I please speak with ",
        "userDefined": false
      },
      {
        "text": "George Washington",
        "alias": "Washington",
        "meta": "@Washington",
        "userDefined": true
      }
    ],
    "isTemplate": false,
    "count": 0
  },
  {
    "id": "8b345118-d5c3-4d71-8b39-f85920d2e2b4",
    "data": [
      {
        "text": "I want to talk to ",
        "userDefined": false
      },
      {
        "text": "George Washington",
        "alias": "Washington",
        "meta": "@Washington",
        "userDefined": true
      }
    ],
    "isTemplate": false,
    "count": 0
  },
  {
    "id": "6c47b1d5-c188-497e-9b20-fc7643873aa8",
    "data": [
      {
        "text": "talk to ",
        "userDefined": false
      },
      {
        "text": "George Washington",
        "alias": "Washington",
        "meta": "@Washington",
        "userDefined": true
      }
    ],
    "isTemplate": false,
    "count": 0
  }
]