[
  {
    "id": "e7858013-6d3b-404d-a557-a231f72894c3",
    "data": [
      {
        "text": "Speak to ",
        "userDefined": false
      },
      {
        "text": "Amelia Earhart",
        "alias": "Earhart",
        "meta": "@Earhart",
        "userDefined": true
      }
    ],
    "isTemplate": false,
    "count": 0
  },
  {
    "id": "dda44bda-8e7d-4a54-93ab-699e1f21cea4",
    "data": [
      {
        "text": "Can I please speak with ",
        "userDefined": false
      },
      {
        "text": "Amelia Earhart",
        "alias": "Earhart",
        "meta": "@Earhart",
        "userDefined": true
      }
    ],
    "isTemplate": false,
    "count": 0
  },
  {
    "id": "6641576b-1977-4e82-8baf-e284adb86886",
    "data": [
      {
        "text": "I want to talk to ",
        "userDefined": false
      },
      {
        "text": "Amelia Earhart",
        "alias": "Earhart",
        "meta": "@Earhart",
        "userDefined": true
      }
    ],
    "isTemplate": false,
    "count": 0,
    "updated": 0
  },
  {
    "id": "a37e3934-022c-486b-b72e-19cc7fd1071a",
    "data": [
      {
        "text": "Shout out to ",
        "userDefined": false
      },
      {
        "text": "Amelia Earhart",
        "alias": "Earhart",
        "meta": "@Earhart",
        "userDefined": true
      }
    ],
    "isTemplate": false,
    "count": 0
  },
  {
    "id": "b4a908c6-8c67-490d-903a-d5cb58bbd246",
    "data": [
      {
        "text": "Talk to ",
        "userDefined": false
      },
      {
        "text": "Amelia Earhart",
        "alias": "Earhart",
        "meta": "@Earhart",
        "userDefined": true
      }
    ],
    "isTemplate": false,
    "count": 0
  },
  {
    "id": "59780a21-7220-40b3-a9b1-6db4be0feb64",
    "data": [
      {
        "text": "Amelia Earhart",
        "alias": "Earhart",
        "meta": "@Earhart",
        "userDefined": true
      }
    ],
    "isTemplate": false,
    "count": 0
  },
  {
    "id": "3b65ed48-0c7e-4ed8-adce-dc3bdf0b75a5",
    "data": [
      {
        "text": "Can I talk to ",
        "userDefined": false
      },
      {
        "text": "Amelia Earhart",
        "alias": "Earhart",
        "meta": "@Earhart",
        "userDefined": true
      }
    ],
    "isTemplate": false,
    "count": 0
  }
]