[
  {
    "id": "732a8a8d-ecd7-446e-a5a1-4d934e07c359",
    "data": [
      {
        "text": "Tell me about being an Empress",
        "userDefined": false
      }
    ],
    "isTemplate": false,
    "count": 1,
    "updated": 1512006763
  },
  {
    "id": "6db8b84f-9144-4b9e-b6eb-ad51974b332e",
    "data": [
      {
        "text": "Are you an Empress?",
        "userDefined": false
      }
    ],
    "isTemplate": false,
    "count": 0,
    "updated": 1512006763
  },
  {
    "id": "e5cbef6d-fd00-4179-8d3b-341f3a181621",
    "data": [
      {
        "text": "Do you like ",
        "userDefined": false
      },
      {
        "text": "India",
        "meta": "@sys.ignore",
        "userDefined": false
      },
      {
        "text": "?",
        "userDefined": false
      }
    ],
    "isTemplate": false,
    "count": 0,
    "updated": 1512006763
  },
  {
    "id": "20271394-a78e-466b-aa64-5c6cf98f53cd",
    "data": [
      {
        "text": "Have you ever been to ",
        "userDefined": false
      },
      {
        "text": "India",
        "meta": "@sys.ignore",
        "userDefined": false
      },
      {
        "text": "?",
        "userDefined": false
      }
    ],
    "isTemplate": false,
    "count": 0,
    "updated": 1512006763
  }
]