[
  {
    "id": "3f4ee817-28bb-4f95-a340-e6b8b39dbdd6",
    "data": [
      {
        "text": "Who was in the government when you were ",
        "userDefined": false
      },
      {
        "text": "queen",
        "meta": "@sys.ignore",
        "userDefined": false
      },
      {
        "text": "?",
        "userDefined": false
      }
    ],
    "isTemplate": false,
    "count": 1,
    "updated": 1512006084
  },
  {
    "id": "9fbe2039-9784-47e0-96e7-0e79a484660c",
    "data": [
      {
        "text": "Who were your friends?",
        "userDefined": false
      }
    ],
    "isTemplate": false,
    "count": 0,
    "updated": 1512006084
  },
  {
    "id": "fd9286d8-3fe8-4dea-8964-40553cfd3b97",
    "data": [
      {
        "text": "Who did you know?",
        "userDefined": false
      }
    ],
    "isTemplate": false,
    "count": 0,
    "updated": 1512006084
  },
  {
    "id": "bdc33083-7ff9-4262-a75f-4c821d00e7c9",
    "data": [
      {
        "text": "Who did you know when you were ",
        "userDefined": false
      },
      {
        "text": "queen",
        "meta": "@sys.ignore",
        "userDefined": false
      },
      {
        "text": "?",
        "userDefined": false
      }
    ],
    "isTemplate": false,
    "count": 0,
    "updated": 1512006084
  },
  {
    "id": "53a3d75a-91db-4fe1-a8d2-5bad38b08cb8",
    "data": [
      {
        "text": "Who was Prime Minister when you were ",
        "userDefined": false
      },
      {
        "text": "queen",
        "meta": "@sys.ignore",
        "userDefined": false
      },
      {
        "text": "?",
        "userDefined": false
      }
    ],
    "isTemplate": false,
    "count": 0,
    "updated": 1512006084
  },
  {
    "id": "74e35e93-2cf1-4671-b7ed-33d1618b5017",
    "data": [
      {
        "text": "Who was Prime Minister?",
        "userDefined": false
      }
    ],
    "isTemplate": false,
    "count": 0,
    "updated": 1512006084
  }
]