[
  {
    "id": "9a766468-c0c3-4ab0-b54e-4c67c5f0b213",
    "data": [
      {
        "text": "Prince",
        "meta": "@sys.ignore",
        "userDefined": false
      },
      {
        "text": " ",
        "userDefined": false
      },
      {
        "text": "Albert",
        "meta": "@sys.ignore",
        "userDefined": false
      }
    ],
    "isTemplate": false,
    "count": 1,
    "updated": 1512005813
  },
  {
    "id": "c402d6fc-e300-48fa-bc93-36ab98809c8a",
    "data": [
      {
        "text": "Who was ",
        "userDefined": false
      },
      {
        "text": "Prince",
        "meta": "@sys.ignore",
        "userDefined": false
      },
      {
        "text": " ",
        "userDefined": false
      },
      {
        "text": "Albert",
        "meta": "@sys.ignore",
        "userDefined": false
      },
      {
        "text": "?",
        "userDefined": false
      }
    ],
    "isTemplate": false,
    "count": 0,
    "updated": 1512005813
  },
  {
    "id": "b5184d9a-2f24-4c35-8c63-6696deacefad",
    "data": [
      {
        "text": "Did you have a husband?",
        "userDefined": false
      }
    ],
    "isTemplate": false,
    "count": 0,
    "updated": 1512005813
  },
  {
    "id": "dd351ee8-9a7f-494e-a7aa-c77d458b8373",
    "data": [
      {
        "text": "Who is your husband?",
        "userDefined": false
      }
    ],
    "isTemplate": false,
    "count": 0,
    "updated": 1512005813
  },
  {
    "id": "b41de2e5-a49b-4adc-a42c-d566354a8b81",
    "data": [
      {
        "text": "To whom were you wed?",
        "userDefined": false
      }
    ],
    "isTemplate": false,
    "count": 0,
    "updated": 1512005813
  },
  {
    "id": "7b94a600-0ea9-41dd-bb38-3ce05b64a7ee",
    "data": [
      {
        "text": "Who did you marry?",
        "userDefined": false
      }
    ],
    "isTemplate": false,
    "count": 0,
    "updated": 1512005813
  },
  {
    "id": "071d5e87-76f0-4685-8517-775c40ac6cce",
    "data": [
      {
        "text": "Were you married?",
        "userDefined": false
      }
    ],
    "isTemplate": false,
    "count": 0,
    "updated": 1512005813
  }
]