[
  {
    "id": "d4deea9e-c97b-45f3-9acc-34e0a61cc2a8",
    "data": [
      {
        "text": "Did you live in Buckingham Palace?",
        "userDefined": false
      }
    ],
    "isTemplate": false,
    "count": 1,
    "updated": 1512005540
  },
  {
    "id": "22041eaf-21d3-46e0-b602-3aa7fc1f7ae6",
    "data": [
      {
        "text": "Did you live in a castle?",
        "userDefined": false
      }
    ],
    "isTemplate": false,
    "count": 0,
    "updated": 1512005540
  },
  {
    "id": "805018ec-d9b2-4d80-8f97-dd6ebae7d63a",
    "data": [
      {
        "text": "Tell me about your palace",
        "userDefined": false
      }
    ],
    "isTemplate": false,
    "count": 0,
    "updated": 1512005540
  },
  {
    "id": "c6a09c51-e1fe-4a4b-aed0-e2bbe17daebb",
    "data": [
      {
        "text": "Did you live in a palace?",
        "userDefined": false
      }
    ],
    "isTemplate": false,
    "count": 0,
    "updated": 1512005540
  },
  {
    "id": "b6574688-f266-47c9-b05e-2fdbae299911",
    "data": [
      {
        "text": "Where was your home?",
        "userDefined": false
      }
    ],
    "isTemplate": false,
    "count": 0,
    "updated": 1512005540
  },
  {
    "id": "0482af96-5549-4b0c-bcda-1ed31258c916",
    "data": [
      {
        "text": "Where did you live?",
        "userDefined": false
      }
    ],
    "isTemplate": false,
    "count": 0,
    "updated": 1512005540
  }
]