[
  {
    "id": "c6028253-6180-4c10-99ab-6b06e66d047a",
    "data": [
      {
        "text": "How many children did you have?",
        "userDefined": false
      }
    ],
    "isTemplate": false,
    "count": 0,
    "updated": 1512005355
  },
  {
    "id": "6f6f8f89-4e8a-466a-a940-7a9ff56680cf",
    "data": [
      {
        "text": "How many kids did you have?",
        "userDefined": false
      }
    ],
    "isTemplate": false,
    "count": 0,
    "updated": 1512005355
  },
  {
    "id": "08102fa1-867e-46f2-8078-12f7139b3c23",
    "data": [
      {
        "text": "What are your childrens\u0027 names?",
        "userDefined": false
      }
    ],
    "isTemplate": false,
    "count": 0,
    "updated": 1512005355
  },
  {
    "id": "997af2c5-000e-4a40-baa0-6a6f182ed504",
    "data": [
      {
        "text": "What are your kids\u0027 names?",
        "userDefined": false
      }
    ],
    "isTemplate": false,
    "count": 0,
    "updated": 1512005355
  },
  {
    "id": "74b586be-f30f-4653-92fc-33e71585a01d",
    "data": [
      {
        "text": "Do you like kids?",
        "userDefined": false
      }
    ],
    "isTemplate": false,
    "count": 0,
    "updated": 1512005355
  },
  {
    "id": "6400d45e-b4f8-4a3e-99cd-222304ae7848",
    "data": [
      {
        "text": "Did you have any kids?",
        "userDefined": false
      }
    ],
    "isTemplate": false,
    "count": 0,
    "updated": 1512005355
  },
  {
    "id": "5c6af731-a213-4e2a-bc41-9d88e0155466",
    "data": [
      {
        "text": "Did you have any children?",
        "userDefined": false
      }
    ],
    "isTemplate": false,
    "count": 0,
    "updated": 1512005355
  },
  {
    "id": "fd735ca9-5c45-476e-8ddb-e06d84cfbbd9",
    "data": [
      {
        "text": "Do you like children?",
        "userDefined": false
      }
    ],
    "isTemplate": false,
    "count": 0,
    "updated": 1512005355
  }
]