[
  {
    "id": "e3766797-3a66-497b-b93d-770eef211f3a",
    "data": [
      {
        "text": "Do you have any famous speeches?",
        "userDefined": false
      }
    ],
    "isTemplate": false,
    "count": 1,
    "updated": 1512006314
  },
  {
    "id": "790dd76b-be65-4c64-928b-6b1ef54c49b0",
    "data": [
      {
        "text": "Do you have any famous sayings?",
        "userDefined": false
      }
    ],
    "isTemplate": false,
    "count": 0,
    "updated": 1512006314
  },
  {
    "id": "1de5a1e9-c023-47dc-bff9-327cd60be00f",
    "data": [
      {
        "text": "What did you say?",
        "userDefined": false
      }
    ],
    "isTemplate": false,
    "count": 0,
    "updated": 1512006314
  },
  {
    "id": "ac9a7f61-5a3b-4565-897d-df3832b57d5a",
    "data": [
      {
        "text": "How big was the British Empire?",
        "userDefined": false
      }
    ],
    "isTemplate": false,
    "count": 0,
    "updated": 1512006314
  },
  {
    "id": "6ffba475-cd10-4a7a-a256-5e7987acbae7",
    "data": [
      {
        "text": "Were you the ",
        "userDefined": false
      },
      {
        "text": "queen",
        "meta": "@sys.ignore",
        "userDefined": false
      },
      {
        "text": " of the British Empire?",
        "userDefined": false
      }
    ],
    "isTemplate": false,
    "count": 0,
    "updated": 1512006314
  },
  {
    "id": "3775c5d3-6d63-46af-b747-c68cdccd4536",
    "data": [
      {
        "text": "Tell me about the British Empire",
        "userDefined": false
      }
    ],
    "isTemplate": false,
    "count": 0,
    "updated": 1512006314
  }
]