[
  {
    "id": "0886cb60-509c-496a-8e81-17b7ef941c4a",
    "data": [
      {
        "text": "do you remember any celebrations?",
        "userDefined": false
      }
    ],
    "isTemplate": false,
    "count": 1,
    "updated": 1512006562
  },
  {
    "id": "a48e59a1-e58a-4df0-a3f5-5dc69a49e8a3",
    "data": [
      {
        "text": "Do you like to party?",
        "userDefined": false
      }
    ],
    "isTemplate": false,
    "count": 0,
    "updated": 1512006562
  },
  {
    "id": "6c00ac9a-0567-4bc8-816d-39e2f7558a70",
    "data": [
      {
        "text": "Do you like parties?",
        "userDefined": false
      }
    ],
    "isTemplate": false,
    "count": 0,
    "updated": 1512006562
  },
  {
    "id": "91bf4dfa-92c6-43c8-8adb-f5cee5a771a7",
    "data": [
      {
        "text": "Diamond Jubilee",
        "userDefined": false
      }
    ],
    "isTemplate": false,
    "count": 0,
    "updated": 1512006562
  },
  {
    "id": "c97d15c3-f62e-41d8-b57f-a6fc60908137",
    "data": [
      {
        "text": "Golden Jubilee",
        "userDefined": false
      }
    ],
    "isTemplate": false,
    "count": 0,
    "updated": 1512006562
  },
  {
    "id": "fec840e4-7697-4aff-a241-5fbe202a72b1",
    "data": [
      {
        "text": "How long did your reign last?",
        "userDefined": false
      }
    ],
    "isTemplate": false,
    "count": 0,
    "updated": 1512006562
  },
  {
    "id": "ccafc367-0dc7-44d1-8c45-f6557e873675",
    "data": [
      {
        "text": "How many years did you reign?",
        "userDefined": false
      }
    ],
    "isTemplate": false,
    "count": 0,
    "updated": 1512006562
  },
  {
    "id": "5d07bcaa-3d05-45f4-8384-5185c954b4b9",
    "data": [
      {
        "text": "How many years were you ",
        "userDefined": false
      },
      {
        "text": "queen",
        "meta": "@sys.ignore",
        "userDefined": false
      },
      {
        "text": "?",
        "userDefined": false
      }
    ],
    "isTemplate": false,
    "count": 0,
    "updated": 1512006562
  },
  {
    "id": "64ad0994-24ec-4672-b4d3-142b7e7c208b",
    "data": [
      {
        "text": "How long were you ",
        "userDefined": false
      },
      {
        "text": "queen",
        "meta": "@sys.ignore",
        "userDefined": false
      },
      {
        "text": "?",
        "userDefined": false
      }
    ],
    "isTemplate": false,
    "count": 0,
    "updated": 1512006562
  }
]