[
  {
    "id": "cc3b3612-36a2-4d86-8bff-b33d65a08ab5",
    "data": [
      {
        "text": "Do you go on trips?",
        "userDefined": false
      }
    ],
    "isTemplate": false,
    "count": 1,
    "updated": 1512008997
  },
  {
    "id": "dbb026b2-bd87-41ba-86a5-3b41659890fb",
    "data": [
      {
        "text": "Do you like vacations?",
        "userDefined": false
      }
    ],
    "isTemplate": false,
    "count": 0,
    "updated": 1512008997
  },
  {
    "id": "9de85283-14d4-4b67-92a0-fd1b2f25af1f",
    "data": [
      {
        "text": "Where do you go on vacation?",
        "userDefined": false
      }
    ],
    "isTemplate": false,
    "count": 0,
    "updated": 1512008997
  },
  {
    "id": "90870d66-780c-4172-bb46-4a7130279192",
    "data": [
      {
        "text": "Have you ever been to Europe?",
        "userDefined": false
      }
    ],
    "isTemplate": false,
    "count": 0,
    "updated": 1512008997
  },
  {
    "id": "f1b6b24d-4249-4710-9323-d68bddeedd9c",
    "data": [
      {
        "text": "Have you ever been to ",
        "userDefined": false
      },
      {
        "text": "Germany",
        "meta": "@sys.ignore",
        "userDefined": false
      },
      {
        "text": "?",
        "userDefined": false
      }
    ],
    "isTemplate": false,
    "count": 0,
    "updated": 1512008997
  },
  {
    "id": "24621781-3ef5-43b5-8686-dc7a8a8cc4b2",
    "data": [
      {
        "text": "Have you ever been to ",
        "userDefined": false
      },
      {
        "text": "Italy",
        "meta": "@sys.ignore",
        "userDefined": false
      },
      {
        "text": "?",
        "userDefined": false
      }
    ],
    "isTemplate": false,
    "count": 0,
    "updated": 1512008997
  },
  {
    "id": "94934ae5-170c-427f-b055-4115dd011f49",
    "data": [
      {
        "text": "Have you ever been to ",
        "userDefined": false
      },
      {
        "text": "France",
        "meta": "@sys.ignore",
        "userDefined": false
      },
      {
        "text": "?",
        "userDefined": false
      }
    ],
    "isTemplate": false,
    "count": 0,
    "updated": 1512008997
  },
  {
    "id": "6018c319-bbdd-4e4c-bfb4-57bd64236f77",
    "data": [
      {
        "text": "Where have you traveled to?",
        "userDefined": false
      }
    ],
    "isTemplate": false,
    "count": 0,
    "updated": 1512008997
  },
  {
    "id": "2828b78a-60fe-4d97-9ac9-bbfd06bd67cc",
    "data": [
      {
        "text": "Do you like to travel?",
        "userDefined": false
      }
    ],
    "isTemplate": false,
    "count": 0,
    "updated": 1512008997
  }
]