[
  {
    "id": "3fb661e5-b4cc-47dc-92c9-83efc69bd606",
    "data": [
      {
        "text": "What did you wear to your wedding?",
        "userDefined": false
      }
    ],
    "isTemplate": false,
    "count": 1,
    "updated": 1512009201
  },
  {
    "id": "a99d4705-61ea-4c90-aa5b-281a9df8099c",
    "data": [
      {
        "text": "Tell me about your wedding dress",
        "userDefined": false
      }
    ],
    "isTemplate": false,
    "count": 0,
    "updated": 1512009201
  },
  {
    "id": "e77dbcad-29f1-4e85-8ed3-6bc7ece5cefd",
    "data": [
      {
        "text": "Tell me about your clothing",
        "userDefined": false
      }
    ],
    "isTemplate": false,
    "count": 0,
    "updated": 1512009201
  },
  {
    "id": "2fa5152e-7604-4fa6-b289-a70541eb47a2",
    "data": [
      {
        "text": "Tell me about fashion",
        "userDefined": false
      }
    ],
    "isTemplate": false,
    "count": 0,
    "updated": 1512009201
  },
  {
    "id": "732853e4-2c53-4299-9b2a-0a2861ecbdce",
    "data": [
      {
        "text": "did you start any fashion trends?",
        "userDefined": false
      }
    ],
    "isTemplate": false,
    "count": 0,
    "updated": 1512009201
  },
  {
    "id": "a2a4d10a-9784-4b0b-80ae-18b21c130fca",
    "data": [
      {
        "text": "How do you dress?",
        "userDefined": false
      }
    ],
    "isTemplate": false,
    "count": 0,
    "updated": 1512009201
  },
  {
    "id": "b26b5a93-b7a0-4b4d-8bf3-c2e221a61909",
    "data": [
      {
        "text": "Do you dress like a ",
        "userDefined": false
      },
      {
        "text": "queen",
        "meta": "@sys.ignore",
        "userDefined": false
      },
      {
        "text": "?",
        "userDefined": false
      }
    ],
    "isTemplate": false,
    "count": 0,
    "updated": 1512009201
  },
  {
    "id": "1dddaff3-d090-445a-b84b-c3b13d6534dd",
    "data": [
      {
        "text": "What clothing to you wear?",
        "userDefined": false
      }
    ],
    "isTemplate": false,
    "count": 0,
    "updated": 1512009201
  }
]