[
  {
    "id": "c4104143-174e-4ec1-8765-75647074dab1",
    "data": [
      {
        "text": "Who is it?",
        "userDefined": false
      }
    ],
    "isTemplate": false,
    "count": 0
  },
  {
    "id": "26e20897-418e-4748-be63-ad8ccd63150b",
    "data": [
      {
        "text": "who are you?",
        "userDefined": false
      }
    ],
    "isTemplate": false,
    "count": 0
  },
  {
    "id": "0f1920e6-56df-4b1b-9dd2-c03424f72279",
    "data": [
      {
        "text": "Who am I speaking with?",
        "userDefined": false
      }
    ],
    "isTemplate": false,
    "count": 0
  },
  {
    "id": "e3426a9a-8a84-44d7-91fb-abe521c4f21c",
    "data": [
      {
        "text": "Who am I talking to?",
        "userDefined": false
      }
    ],
    "isTemplate": false,
    "count": 0
  },
  {
    "id": "ab0cd364-e38f-4961-944f-66635ad94c69",
    "data": [
      {
        "text": "Which figure are you?",
        "userDefined": false
      }
    ],
    "isTemplate": false,
    "count": 1
  }
]