[
  {
    "id": "d34ae347-7f90-47f9-99da-e5976143a869",
    "data": [
      {
        "text": "Who is it?",
        "userDefined": false
      }
    ],
    "isTemplate": false,
    "count": 0
  },
  {
    "id": "83a87fe6-aded-4c30-9bed-ffc08d5a25b3",
    "data": [
      {
        "text": "Who an I speaking with?",
        "userDefined": false
      }
    ],
    "isTemplate": false,
    "count": 0
  },
  {
    "id": "88ee64b0-2c3d-4357-a6dd-72b05a326825",
    "data": [
      {
        "text": "which figure are you?",
        "userDefined": false
      }
    ],
    "isTemplate": false,
    "count": 0
  },
  {
    "id": "0037f56a-069a-475c-9276-af15ac1737f6",
    "data": [
      {
        "text": "Who are you?",
        "userDefined": false
      }
    ],
    "isTemplate": false,
    "count": 0
  },
  {
    "id": "fb8a09ad-586e-41ef-ac59-ab55a41192ea",
    "data": [
      {
        "text": "Who am I talking to?",
        "userDefined": false
      }
    ],
    "isTemplate": false,
    "count": 0
  }
]