[
  {
    "id": "a4ba8641-049a-40be-98eb-eafc011d0be0",
    "data": [
      {
        "text": "Who is it?",
        "userDefined": false
      }
    ],
    "isTemplate": false,
    "count": 0
  },
  {
    "id": "eaf0f029-68d5-48dd-92ae-5127d543127f",
    "data": [
      {
        "text": "Who am I talking to?",
        "userDefined": false
      }
    ],
    "isTemplate": false,
    "count": 0
  },
  {
    "id": "89707c6e-a0dc-4d20-9d76-63b28a6ddd17",
    "data": [
      {
        "text": "Who an I speaking with?",
        "userDefined": false
      }
    ],
    "isTemplate": false,
    "count": 0
  },
  {
    "id": "79597546-e5f3-49f3-8a5d-87348b479408",
    "data": [
      {
        "text": "Who are you?",
        "userDefined": false
      }
    ],
    "isTemplate": false,
    "count": 0
  },
  {
    "id": "f2307e64-c2d4-4614-a540-c6cded4e8092",
    "data": [
      {
        "text": "which figure are you?",
        "userDefined": false
      }
    ],
    "isTemplate": false,
    "count": 0
  }
]