[
  {
    "id": "7f9e60dc-86b5-46ec-9425-b684bf3db319",
    "data": [
      {
        "text": "Who is it?",
        "userDefined": false
      }
    ],
    "isTemplate": false,
    "count": 0
  },
  {
    "id": "0c626c7b-b712-41ea-8fe0-718c62fcbe32",
    "data": [
      {
        "text": "Who an I speaking with?",
        "userDefined": false
      }
    ],
    "isTemplate": false,
    "count": 0
  },
  {
    "id": "26673d8e-5506-4a3f-9c58-157c3d1bc4f7",
    "data": [
      {
        "text": "Who am I talking to?",
        "userDefined": false
      }
    ],
    "isTemplate": false,
    "count": 0
  },
  {
    "id": "1229920f-a749-4e24-b920-30f537ec009e",
    "data": [
      {
        "text": "which figure are you?",
        "userDefined": false
      }
    ],
    "isTemplate": false,
    "count": 0
  },
  {
    "id": "831d4b08-1d2d-4a93-a1eb-88eab5162330",
    "data": [
      {
        "text": "Who are you?",
        "userDefined": false
      }
    ],
    "isTemplate": false,
    "count": 0
  }
]