[
  {
    "id": "98d67165-b27e-4590-9dbb-d6a4eb6866e3",
    "data": [
      {
        "text": "Who is it?",
        "userDefined": false
      }
    ],
    "isTemplate": false,
    "count": 0
  },
  {
    "id": "e51c7b43-101c-47ea-b6a0-f927d1d15e23",
    "data": [
      {
        "text": "Who an I speaking with?",
        "userDefined": false
      }
    ],
    "isTemplate": false,
    "count": 0
  },
  {
    "id": "e3ab9edb-f330-484c-adca-9865e405bfa1",
    "data": [
      {
        "text": "which figure are you?",
        "userDefined": false
      }
    ],
    "isTemplate": false,
    "count": 0
  },
  {
    "id": "a9d12765-8a8c-4af8-8f14-09b75ecd6fe0",
    "data": [
      {
        "text": "Who am I talking to?",
        "userDefined": false
      }
    ],
    "isTemplate": false,
    "count": 0
  },
  {
    "id": "dad6aff4-97a4-498a-8645-250165e09a65",
    "data": [
      {
        "text": "Who are you?",
        "userDefined": false
      }
    ],
    "isTemplate": false,
    "count": 0
  }
]